timestamp_utc,name,source,expression,status,error_type,error_message,xc_type,hybrid_coeff,max_deriv_order,supports_deriv2
2026-05-28T03:39:22+00:00,B1B95,libxc_code,B1B95,ok,,,MGGA,0.28,3,True
2026-05-28T03:39:22+00:00,B3LYP,libxc_code,B3LYP,ok,,,GGA,0.2,3,True
2026-05-28T03:39:22+00:00,B3LYP5,libxc_code,B3LYP5,ok,,,GGA,0.2,3,True
2026-05-28T03:39:22+00:00,B3LYPG,libxc_code,B3LYPG,ok,,,GGA,0.2,3,True
2026-05-28T03:39:22+00:00,B3P86,libxc_code,B3P86,ok,,,GGA,0.2,3,True
2026-05-28T03:39:22+00:00,B3P86G,libxc_code,B3P86G,ok,,,GGA,0.2,3,True
2026-05-28T03:39:22+00:00,B3P86V5,libxc_code,B3P86V5,ok,,,GGA,0.2,3,True
2026-05-28T03:39:22+00:00,B5050LYP,libxc_code,B5050LYP,ok,,,GGA,0.5,3,True
2026-05-28T03:39:22+00:00,B88,libxc_code,B88,ok,,,GGA,0.0,3,True
2026-05-28T03:39:22+00:00,CAMB3LYP,libxc_code,CAMB3LYP,ok,,,GGA,0.65,3,True
2026-05-28T03:39:22+00:00,CAMYB3LYP,libxc_code,CAMYB3LYP,ok,,,GGA,0.65,3,True
2026-05-28T03:39:22+00:00,CAMYBLYP,libxc_code,CAMYBLYP,ok,,,GGA,1.0,3,True
2026-05-28T03:39:22+00:00,GGA_C_ACGGA,libxc_code,GGA_C_ACGGA,ok,,,GGA,0.0,3,True
2026-05-28T03:39:22+00:00,GGA_C_ACGGAP,libxc_code,GGA_C_ACGGAP,ok,,,GGA,0.0,3,True
2026-05-28T03:39:22+00:00,GGA_C_AM05,libxc_code,GGA_C_AM05,ok,,,GGA,0.0,3,True
2026-05-28T03:39:22+00:00,GGA_C_APBE,libxc_code,GGA_C_APBE,ok,,,GGA,0.0,3,True
2026-05-28T03:39:22+00:00,GGA_C_BCGP,libxc_code,GGA_C_BCGP,ok,,,GGA,0.0,3,True
2026-05-28T03:39:22+00:00,GGA_C_BMK,libxc_code,GGA_C_BMK,ok,,,GGA,0.0,3,True
2026-05-28T03:39:22+00:00,GGA_C_CCDF,libxc_code,GGA_C_CCDF,ok,,,GGA,0.0,3,True
2026-05-28T03:39:22+00:00,GGA_C_CHACHIYO,libxc_code,GGA_C_CHACHIYO,ok,,,GGA,0.0,3,True
2026-05-28T03:39:22+00:00,GGA_C_CS1,libxc_code,GGA_C_CS1,ok,,,GGA,0.0,3,True
2026-05-28T03:39:22+00:00,GGA_C_FT97,libxc_code,GGA_C_FT97,ok,,,GGA,0.0,3,True
2026-05-28T03:39:22+00:00,GGA_C_GAM,libxc_code,GGA_C_GAM,ok,,,GGA,0.0,3,True
2026-05-28T03:39:22+00:00,GGA_C_GAPC,libxc_code,GGA_C_GAPC,ok,,,GGA,0.0,3,True
2026-05-28T03:39:22+00:00,GGA_C_GAPLOC,libxc_code,GGA_C_GAPLOC,ok,,,GGA,0.0,3,True
2026-05-28T03:39:22+00:00,GGA_C_HCTHA,libxc_code,GGA_C_HCTHA,ok,,,GGA,0.0,3,True
2026-05-28T03:39:22+00:00,GGA_C_HCTH_A,libxc_code,GGA_C_HCTH_A,ok,,,GGA,0.0,3,True
2026-05-28T03:39:22+00:00,GGA_C_HYBTAUHCTH,libxc_code,GGA_C_HYBTAUHCTH,ok,,,GGA,0.0,3,True
2026-05-28T03:39:22+00:00,GGA_C_HYB_TAU_HCTH,libxc_code,GGA_C_HYB_TAU_HCTH,ok,,,GGA,0.0,3,True
2026-05-28T03:39:22+00:00,GGA_C_LM,libxc_code,GGA_C_LM,ok,,,GGA,0.0,3,True
2026-05-28T03:39:22+00:00,GGA_C_LYP,libxc_code,GGA_C_LYP,ok,,,GGA,0.0,3,True
2026-05-28T03:39:22+00:00,GGA_C_LYPR,libxc_code,GGA_C_LYPR,ok,,,GGA,0.0,3,True
2026-05-28T03:39:22+00:00,GGA_C_MGGAC,libxc_code,GGA_C_MGGAC,ok,,,GGA,0.0,3,True
2026-05-28T03:39:22+00:00,GGA_C_N12,libxc_code,GGA_C_N12,ok,,,GGA,0.0,3,True
2026-05-28T03:39:22+00:00,GGA_C_N12SX,libxc_code,GGA_C_N12SX,ok,,,GGA,0.0,3,True
2026-05-28T03:39:22+00:00,GGA_C_N12_SX,libxc_code,GGA_C_N12_SX,ok,,,GGA,0.0,3,True
2026-05-28T03:39:22+00:00,GGA_C_OPB88,libxc_code,GGA_C_OPB88,ok,,,GGA,0.0,3,True
2026-05-28T03:39:22+00:00,GGA_C_OPG96,libxc_code,GGA_C_OPG96,ok,,,GGA,0.0,3,True
2026-05-28T03:39:22+00:00,GGA_C_OPPBE,libxc_code,GGA_C_OPPBE,ok,,,GGA,0.0,3,True
2026-05-28T03:39:22+00:00,GGA_C_OPPW91,libxc_code,GGA_C_OPPW91,ok,,,GGA,0.0,3,True
2026-05-28T03:39:22+00:00,GGA_C_OPTC,libxc_code,GGA_C_OPTC,ok,,,GGA,0.0,3,True
2026-05-28T03:39:22+00:00,GGA_C_OPXALPHA,libxc_code,GGA_C_OPXALPHA,ok,,,GGA,0.0,3,True
2026-05-28T03:39:22+00:00,GGA_C_OP_B88,libxc_code,GGA_C_OP_B88,ok,,,GGA,0.0,3,True
2026-05-28T03:39:22+00:00,GGA_C_OP_G96,libxc_code,GGA_C_OP_G96,ok,,,GGA,0.0,3,True
2026-05-28T03:39:22+00:00,GGA_C_OP_PBE,libxc_code,GGA_C_OP_PBE,ok,,,GGA,0.0,3,True
2026-05-28T03:39:22+00:00,GGA_C_OP_PW91,libxc_code,GGA_C_OP_PW91,ok,,,GGA,0.0,3,True
2026-05-28T03:39:22+00:00,GGA_C_OP_XALPHA,libxc_code,GGA_C_OP_XALPHA,ok,,,GGA,0.0,3,True
2026-05-28T03:39:22+00:00,GGA_C_P86,libxc_code,GGA_C_P86,ok,,,GGA,0.0,3,True
2026-05-28T03:39:22+00:00,GGA_C_P86FT,libxc_code,GGA_C_P86FT,ok,,,GGA,0.0,3,True
2026-05-28T03:39:22+00:00,GGA_C_P86VWN,libxc_code,GGA_C_P86VWN,ok,,,GGA,0.0,3,True
2026-05-28T03:39:22+00:00,GGA_C_P86VWNFT,libxc_code,GGA_C_P86VWNFT,ok,,,GGA,0.0,3,True
2026-05-28T03:39:22+00:00,GGA_C_P86VWN_FT,libxc_code,GGA_C_P86VWN_FT,ok,,,GGA,0.0,3,True
2026-05-28T03:39:22+00:00,GGA_C_P86_FT,libxc_code,GGA_C_P86_FT,ok,,,GGA,0.0,3,True
2026-05-28T03:39:22+00:00,GGA_C_PBE,libxc_code,GGA_C_PBE,ok,,,GGA,0.0,3,True
2026-05-28T03:39:22+00:00,GGA_C_PBEERFGWS,libxc_code,GGA_C_PBEERFGWS,ok,,,GGA,0.0,3,True
2026-05-28T03:39:22+00:00,GGA_C_PBEFE,libxc_code,GGA_C_PBEFE,ok,,,GGA,0.0,3,True
2026-05-28T03:39:22+00:00,GGA_C_PBEGAUSSIAN,libxc_code,GGA_C_PBEGAUSSIAN,ok,,,GGA,0.0,3,True
2026-05-28T03:39:22+00:00,GGA_C_PBEINT,libxc_code,GGA_C_PBEINT,ok,,,GGA,0.0,3,True
2026-05-28T03:39:22+00:00,GGA_C_PBEJRGX,libxc_code,GGA_C_PBEJRGX,ok,,,GGA,0.0,3,True
2026-05-28T03:39:22+00:00,GGA_C_PBELOC,libxc_code,GGA_C_PBELOC,ok,,,GGA,0.0,3,True
2026-05-28T03:39:22+00:00,GGA_C_PBEMOL,libxc_code,GGA_C_PBEMOL,ok,,,GGA,0.0,3,True
2026-05-28T03:39:22+00:00,GGA_C_PBESOL,libxc_code,GGA_C_PBESOL,ok,,,GGA,0.0,3,True
2026-05-28T03:39:22+00:00,GGA_C_PBEVWN,libxc_code,GGA_C_PBEVWN,ok,,,GGA,0.0,3,True
2026-05-28T03:39:22+00:00,GGA_C_PBE_ERF_GWS,libxc_code,GGA_C_PBE_ERF_GWS,ok,,,GGA,0.0,3,True
2026-05-28T03:39:22+00:00,GGA_C_PBE_GAUSSIAN,libxc_code,GGA_C_PBE_GAUSSIAN,ok,,,GGA,0.0,3,True
2026-05-28T03:39:22+00:00,GGA_C_PBE_JRGX,libxc_code,GGA_C_PBE_JRGX,ok,,,GGA,0.0,3,True
2026-05-28T03:39:22+00:00,GGA_C_PBE_MOL,libxc_code,GGA_C_PBE_MOL,ok,,,GGA,0.0,3,True
2026-05-28T03:39:22+00:00,GGA_C_PBE_SOL,libxc_code,GGA_C_PBE_SOL,ok,,,GGA,0.0,3,True
2026-05-28T03:39:22+00:00,GGA_C_PBE_VWN,libxc_code,GGA_C_PBE_VWN,ok,,,GGA,0.0,3,True
2026-05-28T03:39:22+00:00,GGA_C_PW91,libxc_code,GGA_C_PW91,ok,,,GGA,0.0,3,True
2026-05-28T03:39:22+00:00,GGA_C_Q2D,libxc_code,GGA_C_Q2D,ok,,,GGA,0.0,3,True
2026-05-28T03:39:22+00:00,GGA_C_REGTPSS,libxc_code,GGA_C_REGTPSS,ok,,,GGA,0.0,3,True
2026-05-28T03:39:22+00:00,GGA_C_REVTCA,libxc_code,GGA_C_REVTCA,ok,,,GGA,0.0,3,True
2026-05-28T03:39:22+00:00,GGA_C_RGE2,libxc_code,GGA_C_RGE2,ok,,,GGA,0.0,3,True
2026-05-28T03:39:22+00:00,GGA_C_SCANE0,libxc_code,GGA_C_SCANE0,ok,,,GGA,0.0,3,True
2026-05-28T03:39:22+00:00,GGA_C_SCAN_E0,libxc_code,GGA_C_SCAN_E0,ok,,,GGA,0.0,3,True
2026-05-28T03:39:22+00:00,GGA_C_SG4,libxc_code,GGA_C_SG4,ok,,,GGA,0.0,3,True
2026-05-28T03:39:22+00:00,GGA_C_SOGGA11,libxc_code,GGA_C_SOGGA11,ok,,,GGA,0.0,3,True
2026-05-28T03:39:22+00:00,GGA_C_SOGGA11X,libxc_code,GGA_C_SOGGA11X,ok,,,GGA,0.0,3,True
2026-05-28T03:39:22+00:00,GGA_C_SOGGA11_X,libxc_code,GGA_C_SOGGA11_X,ok,,,GGA,0.0,3,True
2026-05-28T03:39:22+00:00,GGA_C_SPBE,libxc_code,GGA_C_SPBE,ok,,,GGA,0.0,3,True
2026-05-28T03:39:22+00:00,GGA_C_TAUHCTH,libxc_code,GGA_C_TAUHCTH,ok,,,GGA,0.0,3,True
2026-05-28T03:39:22+00:00,GGA_C_TAU_HCTH,libxc_code,GGA_C_TAU_HCTH,ok,,,GGA,0.0,3,True
2026-05-28T03:39:22+00:00,GGA_C_TCA,libxc_code,GGA_C_TCA,ok,,,GGA,0.0,3,True
2026-05-28T03:39:22+00:00,GGA_C_TMLYP,libxc_code,GGA_C_TMLYP,ok,,,GGA,0.0,3,True
2026-05-28T03:39:22+00:00,GGA_C_TMPBE,libxc_code,GGA_C_TMPBE,ok,,,GGA,0.0,3,True
2026-05-28T03:39:22+00:00,GGA_C_TM_LYP,libxc_code,GGA_C_TM_LYP,ok,,,GGA,0.0,3,True
2026-05-28T03:39:22+00:00,GGA_C_TM_PBE,libxc_code,GGA_C_TM_PBE,ok,,,GGA,0.0,3,True
2026-05-28T03:39:22+00:00,GGA_C_W94,libxc_code,GGA_C_W94,ok,,,GGA,0.0,3,True
2026-05-28T03:39:22+00:00,GGA_C_WI,libxc_code,GGA_C_WI,ok,,,GGA,0.0,3,True
2026-05-28T03:39:22+00:00,GGA_C_WI0,libxc_code,GGA_C_WI0,ok,,,GGA,0.0,3,True
2026-05-28T03:39:22+00:00,GGA_C_WL,libxc_code,GGA_C_WL,ok,,,GGA,0.0,3,True
2026-05-28T03:39:22+00:00,GGA_C_XPBE,libxc_code,GGA_C_XPBE,ok,,,GGA,0.0,3,True
2026-05-28T03:39:22+00:00,GGA_C_ZPBEINT,libxc_code,GGA_C_ZPBEINT,ok,,,GGA,0.0,3,True
2026-05-28T03:39:22+00:00,GGA_C_ZPBESOL,libxc_code,GGA_C_ZPBESOL,ok,,,GGA,0.0,3,True
2026-05-28T03:39:22+00:00,GGA_C_ZVPBEINT,libxc_code,GGA_C_ZVPBEINT,ok,,,GGA,0.0,3,True
2026-05-28T03:39:22+00:00,GGA_C_ZVPBELOC,libxc_code,GGA_C_ZVPBELOC,ok,,,GGA,0.0,3,True
2026-05-28T03:39:22+00:00,GGA_C_ZVPBESOL,libxc_code,GGA_C_ZVPBESOL,ok,,,GGA,0.0,3,True
2026-05-28T03:39:22+00:00,GGA_K_ABSP1,libxc_code,GGA_K_ABSP1,ok,,,GGA,0.0,3,True
2026-05-28T03:39:22+00:00,GGA_K_ABSP2,libxc_code,GGA_K_ABSP2,ok,,,GGA,0.0,3,True
2026-05-28T03:39:22+00:00,GGA_K_ABSP3,libxc_code,GGA_K_ABSP3,ok,,,GGA,0.0,3,True
2026-05-28T03:39:22+00:00,GGA_K_ABSP4,libxc_code,GGA_K_ABSP4,ok,,,GGA,0.0,3,True
2026-05-28T03:39:22+00:00,GGA_K_APBE,libxc_code,GGA_K_APBE,ok,,,GGA,0.0,3,True
2026-05-28T03:39:22+00:00,GGA_K_APBEINT,libxc_code,GGA_K_APBEINT,ok,,,GGA,0.0,3,True
2026-05-28T03:39:22+00:00,GGA_K_BALTIN,libxc_code,GGA_K_BALTIN,ok,,,GGA,0.0,3,True
2026-05-28T03:39:22+00:00,GGA_K_DK,libxc_code,GGA_K_DK,ok,,,GGA,0.0,3,True
2026-05-28T03:39:22+00:00,GGA_K_ERNZERHOF,libxc_code,GGA_K_ERNZERHOF,ok,,,GGA,0.0,3,True
2026-05-28T03:39:22+00:00,GGA_K_EXP4,libxc_code,GGA_K_EXP4,ok,,,GGA,0.0,3,True
2026-05-28T03:39:22+00:00,GGA_K_FRB88,libxc_code,GGA_K_FRB88,ok,,,GGA,0.0,3,True
2026-05-28T03:39:22+00:00,GGA_K_FRPW86,libxc_code,GGA_K_FRPW86,ok,,,GGA,0.0,3,True
2026-05-28T03:39:22+00:00,GGA_K_FR_B88,libxc_code,GGA_K_FR_B88,ok,,,GGA,0.0,3,True
2026-05-28T03:39:22+00:00,GGA_K_FR_PW86,libxc_code,GGA_K_FR_PW86,ok,,,GGA,0.0,3,True
2026-05-28T03:39:22+00:00,GGA_K_GDS08,libxc_code,GGA_K_GDS08,ok,,,GGA,0.0,3,True
2026-05-28T03:39:22+00:00,GGA_K_GE2,libxc_code,GGA_K_GE2,ok,,,GGA,0.0,3,True
2026-05-28T03:39:22+00:00,GGA_K_GHDS10,libxc_code,GGA_K_GHDS10,ok,,,GGA,0.0,3,True
2026-05-28T03:39:22+00:00,GGA_K_GHDS10R,libxc_code,GGA_K_GHDS10R,ok,,,GGA,0.0,3,True
2026-05-28T03:39:22+00:00,GGA_K_GOLDEN,libxc_code,GGA_K_GOLDEN,ok,,,GGA,0.0,3,True
2026-05-28T03:39:22+00:00,GGA_K_GP85,libxc_code,GGA_K_GP85,ok,,,GGA,0.0,3,True
2026-05-28T03:39:22+00:00,GGA_K_GR,libxc_code,GGA_K_GR,ok,,,GGA,0.0,3,True
2026-05-28T03:39:22+00:00,GGA_K_LC94,libxc_code,GGA_K_LC94,ok,,,GGA,0.0,3,True
2026-05-28T03:39:22+00:00,GGA_K_LGAP,libxc_code,GGA_K_LGAP,ok,,,GGA,0.0,3,True
2026-05-28T03:39:22+00:00,GGA_K_LGAPGE,libxc_code,GGA_K_LGAPGE,ok,,,GGA,0.0,3,True
2026-05-28T03:39:22+00:00,GGA_K_LGAP_GE,libxc_code,GGA_K_LGAP_GE,ok,,,GGA,0.0,3,True
2026-05-28T03:39:22+00:00,GGA_K_LIEB,libxc_code,GGA_K_LIEB,ok,,,GGA,0.0,3,True
2026-05-28T03:39:22+00:00,GGA_K_LKT,libxc_code,GGA_K_LKT,ok,,,GGA,0.0,3,True
2026-05-28T03:39:22+00:00,GGA_K_LLP,libxc_code,GGA_K_LLP,ok,,,GGA,0.0,3,True
2026-05-28T03:39:22+00:00,GGA_K_LUDENA,libxc_code,GGA_K_LUDENA,ok,,,GGA,0.0,3,True
2026-05-28T03:39:22+00:00,GGA_K_MEYER,libxc_code,GGA_K_MEYER,ok,,,GGA,0.0,3,True
2026-05-28T03:39:22+00:00,GGA_K_OL1,libxc_code,GGA_K_OL1,ok,,,GGA,0.0,3,True
2026-05-28T03:39:22+00:00,GGA_K_OL2,libxc_code,GGA_K_OL2,ok,,,GGA,0.0,3,True
2026-05-28T03:39:22+00:00,GGA_K_PBE2,libxc_code,GGA_K_PBE2,ok,,,GGA,0.0,3,True
2026-05-28T03:39:22+00:00,GGA_K_PBE3,libxc_code,GGA_K_PBE3,ok,,,GGA,0.0,3,True
2026-05-28T03:39:22+00:00,GGA_K_PBE4,libxc_code,GGA_K_PBE4,ok,,,GGA,0.0,3,True
2026-05-28T03:39:22+00:00,GGA_K_PEARSON,libxc_code,GGA_K_PEARSON,ok,,,GGA,0.0,3,True
2026-05-28T03:39:22+00:00,GGA_K_PERDEW,libxc_code,GGA_K_PERDEW,ok,,,GGA,0.0,3,True
2026-05-28T03:39:22+00:00,GGA_K_PG1,libxc_code,GGA_K_PG1,ok,,,GGA,0.0,3,True
2026-05-28T03:39:22+00:00,GGA_K_RATIONALP,libxc_code,GGA_K_RATIONALP,ok,,,GGA,0.0,3,True
2026-05-28T03:39:22+00:00,GGA_K_RATIONAL_P,libxc_code,GGA_K_RATIONAL_P,ok,,,GGA,0.0,3,True
2026-05-28T03:39:22+00:00,GGA_K_REVAPBE,libxc_code,GGA_K_REVAPBE,ok,,,GGA,0.0,3,True
2026-05-28T03:39:22+00:00,GGA_K_REVAPBEINT,libxc_code,GGA_K_REVAPBEINT,ok,,,GGA,0.0,3,True
2026-05-28T03:39:22+00:00,GGA_K_TFVW,libxc_code,GGA_K_TFVW,ok,,,GGA,0.0,3,True
2026-05-28T03:39:22+00:00,GGA_K_TFVWOPT,libxc_code,GGA_K_TFVWOPT,ok,,,GGA,0.0,3,True
2026-05-28T03:39:22+00:00,GGA_K_TFVW_OPT,libxc_code,GGA_K_TFVW_OPT,ok,,,GGA,0.0,3,True
2026-05-28T03:39:22+00:00,GGA_K_THAKKAR,libxc_code,GGA_K_THAKKAR,ok,,,GGA,0.0,3,True
2026-05-28T03:39:22+00:00,GGA_K_TKVLN,libxc_code,GGA_K_TKVLN,ok,,,GGA,0.0,3,True
2026-05-28T03:39:22+00:00,GGA_K_TW1,libxc_code,GGA_K_TW1,ok,,,GGA,0.0,3,True
2026-05-28T03:39:22+00:00,GGA_K_TW2,libxc_code,GGA_K_TW2,ok,,,GGA,0.0,3,True
2026-05-28T03:39:22+00:00,GGA_K_TW3,libxc_code,GGA_K_TW3,ok,,,GGA,0.0,3,True
2026-05-28T03:39:22+00:00,GGA_K_TW4,libxc_code,GGA_K_TW4,ok,,,GGA,0.0,3,True
2026-05-28T03:39:22+00:00,GGA_K_VJKS,libxc_code,GGA_K_VJKS,ok,,,GGA,0.0,3,True
2026-05-28T03:39:22+00:00,GGA_K_VSK,libxc_code,GGA_K_VSK,ok,,,GGA,0.0,3,True
2026-05-28T03:39:22+00:00,GGA_K_VT84F,libxc_code,GGA_K_VT84F,ok,,,GGA,0.0,3,True
2026-05-28T03:39:22+00:00,GGA_K_VW,libxc_code,GGA_K_VW,ok,,,GGA,0.0,3,True
2026-05-28T03:39:22+00:00,GGA_K_YT65,libxc_code,GGA_K_YT65,ok,,,GGA,0.0,3,True
2026-05-28T03:39:22+00:00,GGA_XC_B973C,libxc_code,GGA_XC_B973C,ok,,,GGA,0.0,3,True
2026-05-28T03:39:22+00:00,GGA_XC_B97D,libxc_code,GGA_XC_B97D,ok,,,GGA,0.0,3,True
2026-05-28T03:39:22+00:00,GGA_XC_B97GGA1,libxc_code,GGA_XC_B97GGA1,ok,,,GGA,0.0,3,True
2026-05-28T03:39:22+00:00,GGA_XC_B97_3C,libxc_code,GGA_XC_B97_3C,ok,,,GGA,0.0,3,True
2026-05-28T03:39:22+00:00,GGA_XC_B97_D,libxc_code,GGA_XC_B97_D,ok,,,GGA,0.0,3,True
2026-05-28T03:39:22+00:00,GGA_XC_B97_GGA1,libxc_code,GGA_XC_B97_GGA1,ok,,,GGA,0.0,3,True
2026-05-28T03:39:22+00:00,GGA_XC_BEEFVDW,libxc_code,GGA_XC_BEEFVDW,ok,,,GGA,0.0,3,True
2026-05-28T03:39:22+00:00,GGA_XC_EDF1,libxc_code,GGA_XC_EDF1,ok,,,GGA,0.0,3,True
2026-05-28T03:39:22+00:00,GGA_XC_HCTH120,libxc_code,GGA_XC_HCTH120,ok,,,GGA,0.0,3,True
2026-05-28T03:39:22+00:00,GGA_XC_HCTH147,libxc_code,GGA_XC_HCTH147,ok,,,GGA,0.0,3,True
2026-05-28T03:39:22+00:00,GGA_XC_HCTH407,libxc_code,GGA_XC_HCTH407,ok,,,GGA,0.0,3,True
2026-05-28T03:39:22+00:00,GGA_XC_HCTH407P,libxc_code,GGA_XC_HCTH407P,ok,,,GGA,0.0,3,True
2026-05-28T03:39:22+00:00,GGA_XC_HCTH93,libxc_code,GGA_XC_HCTH93,ok,,,GGA,0.0,3,True
2026-05-28T03:39:22+00:00,GGA_XC_HCTHP14,libxc_code,GGA_XC_HCTHP14,ok,,,GGA,0.0,3,True
2026-05-28T03:39:22+00:00,GGA_XC_HCTHP76,libxc_code,GGA_XC_HCTHP76,ok,,,GGA,0.0,3,True
2026-05-28T03:39:22+00:00,GGA_XC_HCTH_120,libxc_code,GGA_XC_HCTH_120,ok,,,GGA,0.0,3,True
2026-05-28T03:39:22+00:00,GGA_XC_HCTH_147,libxc_code,GGA_XC_HCTH_147,ok,,,GGA,0.0,3,True
2026-05-28T03:39:22+00:00,GGA_XC_HCTH_407,libxc_code,GGA_XC_HCTH_407,ok,,,GGA,0.0,3,True
2026-05-28T03:39:22+00:00,GGA_XC_HCTH_407P,libxc_code,GGA_XC_HCTH_407P,ok,,,GGA,0.0,3,True
2026-05-28T03:39:22+00:00,GGA_XC_HCTH_93,libxc_code,GGA_XC_HCTH_93,ok,,,GGA,0.0,3,True
2026-05-28T03:39:22+00:00,GGA_XC_HCTH_P14,libxc_code,GGA_XC_HCTH_P14,ok,,,GGA,0.0,3,True
2026-05-28T03:39:22+00:00,GGA_XC_HCTH_P76,libxc_code,GGA_XC_HCTH_P76,ok,,,GGA,0.0,3,True
2026-05-28T03:39:22+00:00,GGA_XC_HLE16,libxc_code,GGA_XC_HLE16,ok,,,GGA,0.0,3,True
2026-05-28T03:39:22+00:00,GGA_XC_KT1,libxc_code,GGA_XC_KT1,ok,,,GGA,0.0,3,True
2026-05-28T03:39:22+00:00,GGA_XC_KT2,libxc_code,GGA_XC_KT2,ok,,,GGA,0.0,3,True
2026-05-28T03:39:22+00:00,GGA_XC_KT3,libxc_code,GGA_XC_KT3,ok,,,GGA,0.0,3,True
2026-05-28T03:39:22+00:00,GGA_XC_MOHLYP,libxc_code,GGA_XC_MOHLYP,ok,,,GGA,0.0,3,True
2026-05-28T03:39:22+00:00,GGA_XC_MOHLYP2,libxc_code,GGA_XC_MOHLYP2,ok,,,GGA,0.0,3,True
2026-05-28T03:39:22+00:00,GGA_XC_MPWLYP1W,libxc_code,GGA_XC_MPWLYP1W,ok,,,GGA,0.0,3,True
2026-05-28T03:39:22+00:00,GGA_XC_NCAP,libxc_code,GGA_XC_NCAP,ok,,,GGA,0.0,3,True
2026-05-28T03:39:22+00:00,GGA_XC_OBLYPD,libxc_code,GGA_XC_OBLYPD,ok,,,GGA,0.0,3,True
2026-05-28T03:39:22+00:00,GGA_XC_OBLYP_D,libxc_code,GGA_XC_OBLYP_D,ok,,,GGA,0.0,3,True
2026-05-28T03:39:22+00:00,GGA_XC_OPBED,libxc_code,GGA_XC_OPBED,ok,,,GGA,0.0,3,True
2026-05-28T03:39:22+00:00,GGA_XC_OPBE_D,libxc_code,GGA_XC_OPBE_D,ok,,,GGA,0.0,3,True
2026-05-28T03:39:22+00:00,GGA_XC_OPWLYPD,libxc_code,GGA_XC_OPWLYPD,ok,,,GGA,0.0,3,True
2026-05-28T03:39:22+00:00,GGA_XC_OPWLYP_D,libxc_code,GGA_XC_OPWLYP_D,ok,,,GGA,0.0,3,True
2026-05-28T03:39:22+00:00,GGA_XC_PBE1W,libxc_code,GGA_XC_PBE1W,ok,,,GGA,0.0,3,True
2026-05-28T03:39:22+00:00,GGA_XC_PBELYP1W,libxc_code,GGA_XC_PBELYP1W,ok,,,GGA,0.0,3,True
2026-05-28T03:39:22+00:00,GGA_XC_TH1,libxc_code,GGA_XC_TH1,ok,,,GGA,0.0,3,True
2026-05-28T03:39:22+00:00,GGA_XC_TH2,libxc_code,GGA_XC_TH2,ok,,,GGA,0.0,3,True
2026-05-28T03:39:22+00:00,GGA_XC_TH3,libxc_code,GGA_XC_TH3,ok,,,GGA,0.0,3,True
2026-05-28T03:39:22+00:00,GGA_XC_TH4,libxc_code,GGA_XC_TH4,ok,,,GGA,0.0,3,True
2026-05-28T03:39:22+00:00,GGA_XC_THFC,libxc_code,GGA_XC_THFC,ok,,,GGA,0.0,3,True
2026-05-28T03:39:22+00:00,GGA_XC_THFCFO,libxc_code,GGA_XC_THFCFO,ok,,,GGA,0.0,3,True
2026-05-28T03:39:22+00:00,GGA_XC_THFCO,libxc_code,GGA_XC_THFCO,ok,,,GGA,0.0,3,True
2026-05-28T03:39:22+00:00,GGA_XC_THFL,libxc_code,GGA_XC_THFL,ok,,,GGA,0.0,3,True
2026-05-28T03:39:22+00:00,GGA_XC_TH_FC,libxc_code,GGA_XC_TH_FC,ok,,,GGA,0.0,3,True
2026-05-28T03:39:22+00:00,GGA_XC_TH_FCFO,libxc_code,GGA_XC_TH_FCFO,ok,,,GGA,0.0,3,True
2026-05-28T03:39:22+00:00,GGA_XC_TH_FCO,libxc_code,GGA_XC_TH_FCO,ok,,,GGA,0.0,3,True
2026-05-28T03:39:22+00:00,GGA_XC_TH_FL,libxc_code,GGA_XC_TH_FL,ok,,,GGA,0.0,3,True
2026-05-28T03:39:22+00:00,GGA_XC_VV10,libxc_code,GGA_XC_VV10,ok,,,GGA,0.0,3,True
2026-05-28T03:39:22+00:00,GGA_XC_XLYP,libxc_code,GGA_XC_XLYP,ok,,,GGA,0.0,3,True
2026-05-28T03:39:22+00:00,GGA_X_2DB86,libxc_code,GGA_X_2DB86,ok,,,GGA,0.0,3,True
2026-05-28T03:39:22+00:00,GGA_X_2DB86MGC,libxc_code,GGA_X_2DB86MGC,ok,,,GGA,0.0,3,True
2026-05-28T03:39:22+00:00,GGA_X_2DB88,libxc_code,GGA_X_2DB88,ok,,,GGA,0.0,3,True
2026-05-28T03:39:22+00:00,GGA_X_2DPBE,libxc_code,GGA_X_2DPBE,ok,,,GGA,0.0,3,True
2026-05-28T03:39:22+00:00,GGA_X_2D_B86,libxc_code,GGA_X_2D_B86,ok,,,GGA,0.0,3,True
2026-05-28T03:39:22+00:00,GGA_X_2D_B86_MGC,libxc_code,GGA_X_2D_B86_MGC,ok,,,GGA,0.0,3,True
2026-05-28T03:39:22+00:00,GGA_X_2D_B88,libxc_code,GGA_X_2D_B88,ok,,,GGA,0.0,3,True
2026-05-28T03:39:22+00:00,GGA_X_2D_PBE,libxc_code,GGA_X_2D_PBE,ok,,,GGA,0.0,3,True
2026-05-28T03:39:22+00:00,GGA_X_AIRY,libxc_code,GGA_X_AIRY,ok,,,GGA,0.0,3,True
2026-05-28T03:39:22+00:00,GGA_X_AK13,libxc_code,GGA_X_AK13,ok,,,GGA,0.0,3,True
2026-05-28T03:39:22+00:00,GGA_X_AM05,libxc_code,GGA_X_AM05,ok,,,GGA,0.0,3,True
2026-05-28T03:39:22+00:00,GGA_X_APBE,libxc_code,GGA_X_APBE,ok,,,GGA,0.0,3,True
2026-05-28T03:39:22+00:00,GGA_X_B86,libxc_code,GGA_X_B86,ok,,,GGA,0.0,3,True
2026-05-28T03:39:22+00:00,GGA_X_B86MGC,libxc_code,GGA_X_B86MGC,ok,,,GGA,0.0,3,True
2026-05-28T03:39:22+00:00,GGA_X_B86R,libxc_code,GGA_X_B86R,ok,,,GGA,0.0,3,True
2026-05-28T03:39:22+00:00,GGA_X_B86_MGC,libxc_code,GGA_X_B86_MGC,ok,,,GGA,0.0,3,True
2026-05-28T03:39:22+00:00,GGA_X_B86_R,libxc_code,GGA_X_B86_R,ok,,,GGA,0.0,3,True
2026-05-28T03:39:22+00:00,GGA_X_B88,libxc_code,GGA_X_B88,ok,,,GGA,0.0,3,True
2026-05-28T03:39:22+00:00,GGA_X_B886311G,libxc_code,GGA_X_B886311G,ok,,,GGA,0.0,3,True
2026-05-28T03:39:22+00:00,GGA_X_B88M,libxc_code,GGA_X_B88M,ok,,,GGA,0.0,3,True
2026-05-28T03:39:22+00:00,GGA_X_B88_6311G,libxc_code,GGA_X_B88_6311G,ok,,,GGA,0.0,3,True
2026-05-28T03:39:22+00:00,GGA_X_BAYESIAN,libxc_code,GGA_X_BAYESIAN,ok,,,GGA,0.0,3,True
2026-05-28T03:39:22+00:00,GGA_X_BCGP,libxc_code,GGA_X_BCGP,ok,,,GGA,0.0,3,True
2026-05-28T03:39:22+00:00,GGA_X_BEEFVDW,libxc_code,GGA_X_BEEFVDW,ok,,,GGA,0.0,3,True
2026-05-28T03:39:22+00:00,GGA_X_BKL1,libxc_code,GGA_X_BKL1,ok,,,GGA,0.0,3,True
2026-05-28T03:39:22+00:00,GGA_X_BKL2,libxc_code,GGA_X_BKL2,ok,,,GGA,0.0,3,True
2026-05-28T03:39:22+00:00,GGA_X_BPCCAC,libxc_code,GGA_X_BPCCAC,ok,,,GGA,0.0,3,True
2026-05-28T03:39:22+00:00,GGA_X_C09X,libxc_code,GGA_X_C09X,ok,,,GGA,0.0,3,True
2026-05-28T03:39:22+00:00,GGA_X_CAP,libxc_code,GGA_X_CAP,ok,,,GGA,0.0,3,True
2026-05-28T03:39:22+00:00,GGA_X_CHACHIYO,libxc_code,GGA_X_CHACHIYO,ok,,,GGA,0.0,3,True
2026-05-28T03:39:22+00:00,GGA_X_DK87R1,libxc_code,GGA_X_DK87R1,ok,,,GGA,0.0,3,True
2026-05-28T03:39:22+00:00,GGA_X_DK87R2,libxc_code,GGA_X_DK87R2,ok,,,GGA,0.0,3,True
2026-05-28T03:39:22+00:00,GGA_X_DK87_R1,libxc_code,GGA_X_DK87_R1,ok,,,GGA,0.0,3,True
2026-05-28T03:39:22+00:00,GGA_X_DK87_R2,libxc_code,GGA_X_DK87_R2,ok,,,GGA,0.0,3,True
2026-05-28T03:39:22+00:00,GGA_X_EB88,libxc_code,GGA_X_EB88,ok,,,GGA,0.0,3,True
2026-05-28T03:39:22+00:00,GGA_X_ECMV92,libxc_code,GGA_X_ECMV92,ok,,,GGA,0.0,3,True
2026-05-28T03:39:22+00:00,GGA_X_EV93,libxc_code,GGA_X_EV93,ok,,,GGA,0.0,3,True
2026-05-28T03:39:22+00:00,GGA_X_FDLB94,libxc_code,GGA_X_FDLB94,ok,,,GGA,0.0,3,True
2026-05-28T03:39:22+00:00,GGA_X_FDREVLB94,libxc_code,GGA_X_FDREVLB94,ok,,,GGA,0.0,3,True
2026-05-28T03:39:22+00:00,GGA_X_FD_LB94,libxc_code,GGA_X_FD_LB94,ok,,,GGA,0.0,3,True
2026-05-28T03:39:22+00:00,GGA_X_FD_REVLB94,libxc_code,GGA_X_FD_REVLB94,ok,,,GGA,0.0,3,True
2026-05-28T03:39:22+00:00,GGA_X_FT97A,libxc_code,GGA_X_FT97A,ok,,,GGA,0.0,3,True
2026-05-28T03:39:22+00:00,GGA_X_FT97B,libxc_code,GGA_X_FT97B,ok,,,GGA,0.0,3,True
2026-05-28T03:39:22+00:00,GGA_X_FT97_A,libxc_code,GGA_X_FT97_A,ok,,,GGA,0.0,3,True
2026-05-28T03:39:22+00:00,GGA_X_FT97_B,libxc_code,GGA_X_FT97_B,ok,,,GGA,0.0,3,True
2026-05-28T03:39:22+00:00,GGA_X_G96,libxc_code,GGA_X_G96,ok,,,GGA,0.0,3,True
2026-05-28T03:39:22+00:00,GGA_X_GAM,libxc_code,GGA_X_GAM,ok,,,GGA,0.0,3,True
2026-05-28T03:39:22+00:00,GGA_X_GG99,libxc_code,GGA_X_GG99,ok,,,GGA,0.0,3,True
2026-05-28T03:39:22+00:00,GGA_X_HCTHA,libxc_code,GGA_X_HCTHA,ok,,,GGA,0.0,3,True
2026-05-28T03:39:22+00:00,GGA_X_HCTH_A,libxc_code,GGA_X_HCTH_A,ok,,,GGA,0.0,3,True
2026-05-28T03:39:22+00:00,GGA_X_HJSB88,libxc_code,GGA_X_HJSB88,ok,,,GGA,0.0,3,True
2026-05-28T03:39:22+00:00,GGA_X_HJSB88V2,libxc_code,GGA_X_HJSB88V2,ok,,,GGA,0.0,3,True
2026-05-28T03:39:22+00:00,GGA_X_HJSB97X,libxc_code,GGA_X_HJSB97X,ok,,,GGA,0.0,3,True
2026-05-28T03:39:22+00:00,GGA_X_HJSPBE,libxc_code,GGA_X_HJSPBE,ok,,,GGA,0.0,3,True
2026-05-28T03:39:22+00:00,GGA_X_HJSPBESOL,libxc_code,GGA_X_HJSPBESOL,ok,,,GGA,0.0,3,True
2026-05-28T03:39:22+00:00,GGA_X_HJS_B88,libxc_code,GGA_X_HJS_B88,ok,,,GGA,0.0,3,True
2026-05-28T03:39:22+00:00,GGA_X_HJS_B88_V2,libxc_code,GGA_X_HJS_B88_V2,ok,,,GGA,0.0,3,True
2026-05-28T03:39:22+00:00,GGA_X_HJS_B97X,libxc_code,GGA_X_HJS_B97X,ok,,,GGA,0.0,3,True
2026-05-28T03:39:22+00:00,GGA_X_HJS_PBE,libxc_code,GGA_X_HJS_PBE,ok,,,GGA,0.0,3,True
2026-05-28T03:39:22+00:00,GGA_X_HJS_PBE_SOL,libxc_code,GGA_X_HJS_PBE_SOL,ok,,,GGA,0.0,3,True
2026-05-28T03:39:22+00:00,GGA_X_HTBS,libxc_code,GGA_X_HTBS,ok,,,GGA,0.0,3,True
2026-05-28T03:39:22+00:00,GGA_X_ITYH,libxc_code,GGA_X_ITYH,ok,,,GGA,0.0,3,True
2026-05-28T03:39:22+00:00,GGA_X_ITYHOPTX,libxc_code,GGA_X_ITYHOPTX,ok,,,GGA,0.0,3,True
2026-05-28T03:39:22+00:00,GGA_X_ITYHPBE,libxc_code,GGA_X_ITYHPBE,ok,,,GGA,0.0,3,True
2026-05-28T03:39:22+00:00,GGA_X_ITYH_OPTX,libxc_code,GGA_X_ITYH_OPTX,ok,,,GGA,0.0,3,True
2026-05-28T03:39:22+00:00,GGA_X_ITYH_PBE,libxc_code,GGA_X_ITYH_PBE,ok,,,GGA,0.0,3,True
2026-05-28T03:39:22+00:00,GGA_X_KGG99,libxc_code,GGA_X_KGG99,ok,,,GGA,0.0,3,True
2026-05-28T03:39:22+00:00,GGA_X_KT1,libxc_code,GGA_X_KT1,ok,,,GGA,0.0,3,True
2026-05-28T03:39:22+00:00,GGA_X_LAG,libxc_code,GGA_X_LAG,ok,,,GGA,0.0,3,True
2026-05-28T03:39:22+00:00,GGA_X_LAMBDACHN,libxc_code,GGA_X_LAMBDACHN,ok,,,GGA,0.0,3,True
2026-05-28T03:39:22+00:00,GGA_X_LAMBDALON,libxc_code,GGA_X_LAMBDALON,ok,,,GGA,0.0,3,True
2026-05-28T03:39:22+00:00,GGA_X_LAMBDAOC2N,libxc_code,GGA_X_LAMBDAOC2N,ok,,,GGA,0.0,3,True
2026-05-28T03:39:22+00:00,GGA_X_LAMBDA_CH_N,libxc_code,GGA_X_LAMBDA_CH_N,ok,,,GGA,0.0,3,True
2026-05-28T03:39:22+00:00,GGA_X_LAMBDA_LO_N,libxc_code,GGA_X_LAMBDA_LO_N,ok,,,GGA,0.0,3,True
2026-05-28T03:39:22+00:00,GGA_X_LAMBDA_OC2_N,libxc_code,GGA_X_LAMBDA_OC2_N,ok,,,GGA,0.0,3,True
2026-05-28T03:39:22+00:00,GGA_X_LB,libxc_code,GGA_X_LB,ok,,,GGA,0.0,3,True
2026-05-28T03:39:22+00:00,GGA_X_LBM,libxc_code,GGA_X_LBM,ok,,,GGA,0.0,3,True
2026-05-28T03:39:22+00:00,GGA_X_LG93,libxc_code,GGA_X_LG93,ok,,,GGA,0.0,3,True
2026-05-28T03:39:22+00:00,GGA_X_LSPBE,libxc_code,GGA_X_LSPBE,ok,,,GGA,0.0,3,True
2026-05-28T03:39:22+00:00,GGA_X_LSRPBE,libxc_code,GGA_X_LSRPBE,ok,,,GGA,0.0,3,True
2026-05-28T03:39:22+00:00,GGA_X_LVRPW86,libxc_code,GGA_X_LVRPW86,ok,,,GGA,0.0,3,True
2026-05-28T03:39:22+00:00,GGA_X_LV_RPW86,libxc_code,GGA_X_LV_RPW86,ok,,,GGA,0.0,3,True
2026-05-28T03:39:22+00:00,GGA_X_MB88,libxc_code,GGA_X_MB88,ok,,,GGA,0.0,3,True
2026-05-28T03:39:22+00:00,GGA_X_MPBE,libxc_code,GGA_X_MPBE,ok,,,GGA,0.0,3,True
2026-05-28T03:39:22+00:00,GGA_X_MPW91,libxc_code,GGA_X_MPW91,ok,,,GGA,0.0,3,True
2026-05-28T03:39:22+00:00,GGA_X_N12,libxc_code,GGA_X_N12,ok,,,GGA,0.0,3,True
2026-05-28T03:39:22+00:00,GGA_X_NCAP,libxc_code,GGA_X_NCAP,ok,,,GGA,0.0,3,True
2026-05-28T03:39:22+00:00,GGA_X_NCAPR,libxc_code,GGA_X_NCAPR,ok,,,GGA,0.0,3,True
2026-05-28T03:39:22+00:00,GGA_X_OL2,libxc_code,GGA_X_OL2,ok,,,GGA,0.0,3,True
2026-05-28T03:39:22+00:00,GGA_X_OPTB86BVDW,libxc_code,GGA_X_OPTB86BVDW,ok,,,GGA,0.0,3,True
2026-05-28T03:39:22+00:00,GGA_X_OPTB86B_VDW,libxc_code,GGA_X_OPTB86B_VDW,ok,,,GGA,0.0,3,True
2026-05-28T03:39:22+00:00,GGA_X_OPTB88VDW,libxc_code,GGA_X_OPTB88VDW,ok,,,GGA,0.0,3,True
2026-05-28T03:39:22+00:00,GGA_X_OPTB88_VDW,libxc_code,GGA_X_OPTB88_VDW,ok,,,GGA,0.0,3,True
2026-05-28T03:39:22+00:00,GGA_X_OPTPBEVDW,libxc_code,GGA_X_OPTPBEVDW,ok,,,GGA,0.0,3,True
2026-05-28T03:39:22+00:00,GGA_X_OPTPBE_VDW,libxc_code,GGA_X_OPTPBE_VDW,ok,,,GGA,0.0,3,True
2026-05-28T03:39:22+00:00,GGA_X_OPTX,libxc_code,GGA_X_OPTX,ok,,,GGA,0.0,3,True
2026-05-28T03:39:22+00:00,GGA_X_PBE,libxc_code,GGA_X_PBE,ok,,,GGA,0.0,3,True
2026-05-28T03:39:22+00:00,GGA_X_PBEA,libxc_code,GGA_X_PBEA,ok,,,GGA,0.0,3,True
2026-05-28T03:39:22+00:00,GGA_X_PBEERFGWS,libxc_code,GGA_X_PBEERFGWS,ok,,,GGA,0.0,3,True
2026-05-28T03:39:22+00:00,GGA_X_PBEFE,libxc_code,GGA_X_PBEFE,ok,,,GGA,0.0,3,True
2026-05-28T03:39:22+00:00,GGA_X_PBEGAUSSIAN,libxc_code,GGA_X_PBEGAUSSIAN,ok,,,GGA,0.0,3,True
2026-05-28T03:39:22+00:00,GGA_X_PBEINT,libxc_code,GGA_X_PBEINT,ok,,,GGA,0.0,3,True
2026-05-28T03:39:22+00:00,GGA_X_PBEJSJR,libxc_code,GGA_X_PBEJSJR,ok,,,GGA,0.0,3,True
2026-05-28T03:39:22+00:00,GGA_X_PBEK1VDW,libxc_code,GGA_X_PBEK1VDW,ok,,,GGA,0.0,3,True
2026-05-28T03:39:22+00:00,GGA_X_PBEK1_VDW,libxc_code,GGA_X_PBEK1_VDW,ok,,,GGA,0.0,3,True
2026-05-28T03:39:22+00:00,GGA_X_PBEMOD,libxc_code,GGA_X_PBEMOD,ok,,,GGA,0.0,3,True
2026-05-28T03:39:22+00:00,GGA_X_PBEMOL,libxc_code,GGA_X_PBEMOL,ok,,,GGA,0.0,3,True
2026-05-28T03:39:22+00:00,GGA_X_PBEPOW,libxc_code,GGA_X_PBEPOW,ok,,,GGA,0.0,3,True
2026-05-28T03:39:22+00:00,GGA_X_PBER,libxc_code,GGA_X_PBER,ok,,,GGA,0.0,3,True
2026-05-28T03:39:22+00:00,GGA_X_PBESOL,libxc_code,GGA_X_PBESOL,ok,,,GGA,0.0,3,True
2026-05-28T03:39:22+00:00,GGA_X_PBETCA,libxc_code,GGA_X_PBETCA,ok,,,GGA,0.0,3,True
2026-05-28T03:39:22+00:00,GGA_X_PBETRANS,libxc_code,GGA_X_PBETRANS,ok,,,GGA,0.0,3,True
2026-05-28T03:39:22+00:00,GGA_X_PBE_ERF_GWS,libxc_code,GGA_X_PBE_ERF_GWS,ok,,,GGA,0.0,3,True
2026-05-28T03:39:22+00:00,GGA_X_PBE_GAUSSIAN,libxc_code,GGA_X_PBE_GAUSSIAN,ok,,,GGA,0.0,3,True
2026-05-28T03:39:22+00:00,GGA_X_PBE_JSJR,libxc_code,GGA_X_PBE_JSJR,ok,,,GGA,0.0,3,True
2026-05-28T03:39:22+00:00,GGA_X_PBE_MOD,libxc_code,GGA_X_PBE_MOD,ok,,,GGA,0.0,3,True
2026-05-28T03:39:22+00:00,GGA_X_PBE_MOL,libxc_code,GGA_X_PBE_MOL,ok,,,GGA,0.0,3,True
2026-05-28T03:39:22+00:00,GGA_X_PBE_R,libxc_code,GGA_X_PBE_R,ok,,,GGA,0.0,3,True
2026-05-28T03:39:22+00:00,GGA_X_PBE_SOL,libxc_code,GGA_X_PBE_SOL,ok,,,GGA,0.0,3,True
2026-05-28T03:39:22+00:00,GGA_X_PBE_TCA,libxc_code,GGA_X_PBE_TCA,ok,,,GGA,0.0,3,True
2026-05-28T03:39:22+00:00,GGA_X_PW86,libxc_code,GGA_X_PW86,ok,,,GGA,0.0,3,True
2026-05-28T03:39:22+00:00,GGA_X_PW91,libxc_code,GGA_X_PW91,ok,,,GGA,0.0,3,True
2026-05-28T03:39:22+00:00,GGA_X_PW91MOD,libxc_code,GGA_X_PW91MOD,ok,,,GGA,0.0,3,True
2026-05-28T03:39:22+00:00,GGA_X_PW91_MOD,libxc_code,GGA_X_PW91_MOD,ok,,,GGA,0.0,3,True
2026-05-28T03:39:22+00:00,GGA_X_Q1D,libxc_code,GGA_X_Q1D,ok,,,GGA,0.0,3,True
2026-05-28T03:39:22+00:00,GGA_X_Q2D,libxc_code,GGA_X_Q2D,ok,,,GGA,0.0,3,True
2026-05-28T03:39:22+00:00,GGA_X_REVSSBD,libxc_code,GGA_X_REVSSBD,ok,,,GGA,0.0,3,True
2026-05-28T03:39:22+00:00,GGA_X_REVSSB_D,libxc_code,GGA_X_REVSSB_D,ok,,,GGA,0.0,3,True
2026-05-28T03:39:22+00:00,GGA_X_RGE2,libxc_code,GGA_X_RGE2,ok,,,GGA,0.0,3,True
2026-05-28T03:39:22+00:00,GGA_X_RPBE,libxc_code,GGA_X_RPBE,ok,,,GGA,0.0,3,True
2026-05-28T03:39:22+00:00,GGA_X_RPW86,libxc_code,GGA_X_RPW86,ok,,,GGA,0.0,3,True
2026-05-28T03:39:22+00:00,GGA_X_S12G,libxc_code,GGA_X_S12G,ok,,,GGA,0.0,3,True
2026-05-28T03:39:22+00:00,GGA_X_SFAT,libxc_code,GGA_X_SFAT,ok,,,GGA,0.0,3,True
2026-05-28T03:39:22+00:00,GGA_X_SFATPBE,libxc_code,GGA_X_SFATPBE,ok,,,GGA,0.0,3,True
2026-05-28T03:39:22+00:00,GGA_X_SFAT_PBE,libxc_code,GGA_X_SFAT_PBE,ok,,,GGA,0.0,3,True
2026-05-28T03:39:22+00:00,GGA_X_SG4,libxc_code,GGA_X_SG4,ok,,,GGA,0.0,3,True
2026-05-28T03:39:22+00:00,GGA_X_SOGGA,libxc_code,GGA_X_SOGGA,ok,,,GGA,0.0,3,True
2026-05-28T03:39:22+00:00,GGA_X_SOGGA11,libxc_code,GGA_X_SOGGA11,ok,,,GGA,0.0,3,True
2026-05-28T03:39:22+00:00,GGA_X_SSB,libxc_code,GGA_X_SSB,ok,,,GGA,0.0,3,True
2026-05-28T03:39:22+00:00,GGA_X_SSBD,libxc_code,GGA_X_SSBD,ok,,,GGA,0.0,3,True
2026-05-28T03:39:22+00:00,GGA_X_SSBSW,libxc_code,GGA_X_SSBSW,ok,,,GGA,0.0,3,True
2026-05-28T03:39:22+00:00,GGA_X_SSB_D,libxc_code,GGA_X_SSB_D,ok,,,GGA,0.0,3,True
2026-05-28T03:39:22+00:00,GGA_X_SSB_SW,libxc_code,GGA_X_SSB_SW,ok,,,GGA,0.0,3,True
2026-05-28T03:39:22+00:00,GGA_X_VMT84GE,libxc_code,GGA_X_VMT84GE,ok,,,GGA,0.0,3,True
2026-05-28T03:39:22+00:00,GGA_X_VMT84PBE,libxc_code,GGA_X_VMT84PBE,ok,,,GGA,0.0,3,True
2026-05-28T03:39:22+00:00,GGA_X_VMT84_GE,libxc_code,GGA_X_VMT84_GE,ok,,,GGA,0.0,3,True
2026-05-28T03:39:22+00:00,GGA_X_VMT84_PBE,libxc_code,GGA_X_VMT84_PBE,ok,,,GGA,0.0,3,True
2026-05-28T03:39:22+00:00,GGA_X_VMTGE,libxc_code,GGA_X_VMTGE,ok,,,GGA,0.0,3,True
2026-05-28T03:39:22+00:00,GGA_X_VMTPBE,libxc_code,GGA_X_VMTPBE,ok,,,GGA,0.0,3,True
2026-05-28T03:39:22+00:00,GGA_X_VMT_GE,libxc_code,GGA_X_VMT_GE,ok,,,GGA,0.0,3,True
2026-05-28T03:39:22+00:00,GGA_X_VMT_PBE,libxc_code,GGA_X_VMT_PBE,ok,,,GGA,0.0,3,True
2026-05-28T03:39:22+00:00,GGA_X_WC,libxc_code,GGA_X_WC,ok,,,GGA,0.0,3,True
2026-05-28T03:39:22+00:00,GGA_X_WPBEH,libxc_code,GGA_X_WPBEH,ok,,,GGA,0.0,3,True
2026-05-28T03:39:22+00:00,GGA_X_XPBE,libxc_code,GGA_X_XPBE,ok,,,GGA,0.0,3,True
2026-05-28T03:39:22+00:00,HYB_GGA_XC_APBE0,libxc_code,HYB_GGA_XC_APBE0,ok,,,GGA,0.25,3,True
2026-05-28T03:39:22+00:00,HYB_GGA_XC_APF,libxc_code,HYB_GGA_XC_APF,ok,,,GGA,0.22945,3,True
2026-05-28T03:39:22+00:00,HYB_GGA_XC_B1LYP,libxc_code,HYB_GGA_XC_B1LYP,ok,,,GGA,0.25,3,True
2026-05-28T03:39:22+00:00,HYB_GGA_XC_B1PW91,libxc_code,HYB_GGA_XC_B1PW91,ok,,,GGA,0.25,3,True
2026-05-28T03:39:22+00:00,HYB_GGA_XC_B1WC,libxc_code,HYB_GGA_XC_B1WC,ok,,,GGA,0.16,3,True
2026-05-28T03:39:22+00:00,HYB_GGA_XC_B3LYP,libxc_code,HYB_GGA_XC_B3LYP,ok,,,GGA,0.2,3,True
2026-05-28T03:39:22+00:00,HYB_GGA_XC_B3LYP3,libxc_code,HYB_GGA_XC_B3LYP3,ok,,,GGA,0.2,3,True
2026-05-28T03:39:22+00:00,HYB_GGA_XC_B3LYP5,libxc_code,HYB_GGA_XC_B3LYP5,ok,,,GGA,0.2,3,True
2026-05-28T03:39:22+00:00,HYB_GGA_XC_B3LYPMCM1,libxc_code,HYB_GGA_XC_B3LYPMCM1,ok,,,GGA,0.1986,3,True
2026-05-28T03:39:22+00:00,HYB_GGA_XC_B3LYPMCM2,libxc_code,HYB_GGA_XC_B3LYPMCM2,ok,,,GGA,0.2228,3,True
2026-05-28T03:39:22+00:00,HYB_GGA_XC_B3LYPS,libxc_code,HYB_GGA_XC_B3LYPS,ok,,,GGA,0.15,3,True
2026-05-28T03:39:22+00:00,HYB_GGA_XC_B3LYP_MCM1,libxc_code,HYB_GGA_XC_B3LYP_MCM1,ok,,,GGA,0.1986,3,True
2026-05-28T03:39:22+00:00,HYB_GGA_XC_B3LYP_MCM2,libxc_code,HYB_GGA_XC_B3LYP_MCM2,ok,,,GGA,0.2228,3,True
2026-05-28T03:39:22+00:00,HYB_GGA_XC_B3P86,libxc_code,HYB_GGA_XC_B3P86,ok,,,GGA,0.2,3,True
2026-05-28T03:39:22+00:00,HYB_GGA_XC_B3P86NWCHEM,libxc_code,HYB_GGA_XC_B3P86NWCHEM,ok,,,GGA,0.2,3,True
2026-05-28T03:39:22+00:00,HYB_GGA_XC_B3P86_NWCHEM,libxc_code,HYB_GGA_XC_B3P86_NWCHEM,ok,,,GGA,0.2,3,True
2026-05-28T03:39:22+00:00,HYB_GGA_XC_B3PW91,libxc_code,HYB_GGA_XC_B3PW91,ok,,,GGA,0.2,3,True
2026-05-28T03:39:22+00:00,HYB_GGA_XC_B5050LYP,libxc_code,HYB_GGA_XC_B5050LYP,ok,,,GGA,0.5,3,True
2026-05-28T03:39:22+00:00,HYB_GGA_XC_B97,libxc_code,HYB_GGA_XC_B97,ok,,,GGA,0.1943,3,True
2026-05-28T03:39:22+00:00,HYB_GGA_XC_B971,libxc_code,HYB_GGA_XC_B971,ok,,,GGA,0.21,3,True
2026-05-28T03:39:22+00:00,HYB_GGA_XC_B971P,libxc_code,HYB_GGA_XC_B971P,ok,,,GGA,0.15,3,True
2026-05-28T03:39:22+00:00,HYB_GGA_XC_B972,libxc_code,HYB_GGA_XC_B972,ok,,,GGA,0.21,3,True
2026-05-28T03:39:22+00:00,HYB_GGA_XC_B973,libxc_code,HYB_GGA_XC_B973,ok,,,GGA,0.269288,3,True
2026-05-28T03:39:22+00:00,HYB_GGA_XC_B97K,libxc_code,HYB_GGA_XC_B97K,ok,,,GGA,0.42,3,True
2026-05-28T03:39:22+00:00,HYB_GGA_XC_B97_1,libxc_code,HYB_GGA_XC_B97_1,ok,,,GGA,0.21,3,True
2026-05-28T03:39:22+00:00,HYB_GGA_XC_B97_1P,libxc_code,HYB_GGA_XC_B97_1P,ok,,,GGA,0.15,3,True
2026-05-28T03:39:22+00:00,HYB_GGA_XC_B97_2,libxc_code,HYB_GGA_XC_B97_2,ok,,,GGA,0.21,3,True
2026-05-28T03:39:22+00:00,HYB_GGA_XC_B97_3,libxc_code,HYB_GGA_XC_B97_3,ok,,,GGA,0.269288,3,True
2026-05-28T03:39:22+00:00,HYB_GGA_XC_B97_K,libxc_code,HYB_GGA_XC_B97_K,ok,,,GGA,0.42,3,True
2026-05-28T03:39:22+00:00,HYB_GGA_XC_BHANDH,libxc_code,HYB_GGA_XC_BHANDH,ok,,,GGA,0.5,3,True
2026-05-28T03:39:22+00:00,HYB_GGA_XC_BHANDHLYP,libxc_code,HYB_GGA_XC_BHANDHLYP,ok,,,GGA,0.5,3,True
2026-05-28T03:39:22+00:00,HYB_GGA_XC_BLYP35,libxc_code,HYB_GGA_XC_BLYP35,ok,,,GGA,0.35,3,True
2026-05-28T03:39:22+00:00,HYB_GGA_XC_CAMB3LYP,libxc_code,HYB_GGA_XC_CAMB3LYP,ok,,,GGA,0.65,3,True
2026-05-28T03:39:22+00:00,HYB_GGA_XC_CAMHB3LYP,libxc_code,HYB_GGA_XC_CAMHB3LYP,ok,,,GGA,0.5,3,True
2026-05-28T03:39:22+00:00,HYB_GGA_XC_CAMH_B3LYP,libxc_code,HYB_GGA_XC_CAMH_B3LYP,ok,,,GGA,0.5,3,True
2026-05-28T03:39:22+00:00,HYB_GGA_XC_CAMO3LYP,libxc_code,HYB_GGA_XC_CAMO3LYP,ok,,,GGA,0.8,3,True
2026-05-28T03:39:22+00:00,HYB_GGA_XC_CAMPBEH,libxc_code,HYB_GGA_XC_CAMPBEH,ok,,,GGA,0.2,3,True
2026-05-28T03:39:22+00:00,HYB_GGA_XC_CAMQTP00,libxc_code,HYB_GGA_XC_CAMQTP00,ok,,,GGA,0.91,3,True
2026-05-28T03:39:22+00:00,HYB_GGA_XC_CAMQTP01,libxc_code,HYB_GGA_XC_CAMQTP01,ok,,,GGA,1.0,3,True
2026-05-28T03:39:22+00:00,HYB_GGA_XC_CAMQTP02,libxc_code,HYB_GGA_XC_CAMQTP02,ok,,,GGA,1.0,3,True
2026-05-28T03:39:22+00:00,HYB_GGA_XC_CAMYB3LYP,libxc_code,HYB_GGA_XC_CAMYB3LYP,ok,,,GGA,0.65,3,True
2026-05-28T03:39:22+00:00,HYB_GGA_XC_CAMYBLYP,libxc_code,HYB_GGA_XC_CAMYBLYP,ok,,,GGA,1.0,3,True
2026-05-28T03:39:22+00:00,HYB_GGA_XC_CAMYPBEH,libxc_code,HYB_GGA_XC_CAMYPBEH,ok,,,GGA,0.2,3,True
2026-05-28T03:39:22+00:00,HYB_GGA_XC_CAMY_B3LYP,libxc_code,HYB_GGA_XC_CAMY_B3LYP,ok,,,GGA,0.65,3,True
2026-05-28T03:39:22+00:00,HYB_GGA_XC_CAMY_BLYP,libxc_code,HYB_GGA_XC_CAMY_BLYP,ok,,,GGA,1.0,3,True
2026-05-28T03:39:22+00:00,HYB_GGA_XC_CAMY_PBEH,libxc_code,HYB_GGA_XC_CAMY_PBEH,ok,,,GGA,0.2,3,True
2026-05-28T03:39:22+00:00,HYB_GGA_XC_CAM_B3LYP,libxc_code,HYB_GGA_XC_CAM_B3LYP,ok,,,GGA,0.65,3,True
2026-05-28T03:39:22+00:00,HYB_GGA_XC_CAM_O3LYP,libxc_code,HYB_GGA_XC_CAM_O3LYP,ok,,,GGA,0.8,3,True
2026-05-28T03:39:22+00:00,HYB_GGA_XC_CAM_PBEH,libxc_code,HYB_GGA_XC_CAM_PBEH,ok,,,GGA,0.2,3,True
2026-05-28T03:39:22+00:00,HYB_GGA_XC_CAM_QTP_00,libxc_code,HYB_GGA_XC_CAM_QTP_00,ok,,,GGA,0.91,3,True
2026-05-28T03:39:22+00:00,HYB_GGA_XC_CAM_QTP_01,libxc_code,HYB_GGA_XC_CAM_QTP_01,ok,,,GGA,1.0,3,True
2026-05-28T03:39:22+00:00,HYB_GGA_XC_CAM_QTP_02,libxc_code,HYB_GGA_XC_CAM_QTP_02,ok,,,GGA,1.0,3,True
2026-05-28T03:39:22+00:00,HYB_GGA_XC_CAP0,libxc_code,HYB_GGA_XC_CAP0,ok,,,GGA,0.25,3,True
2026-05-28T03:39:22+00:00,HYB_GGA_XC_CASE21,libxc_code,HYB_GGA_XC_CASE21,ok,,,GGA,0.25,3,True
2026-05-28T03:39:22+00:00,HYB_GGA_XC_EDF2,libxc_code,HYB_GGA_XC_EDF2,ok,,,GGA,0.1695,3,True
2026-05-28T03:39:22+00:00,HYB_GGA_XC_HAPBE,libxc_code,HYB_GGA_XC_HAPBE,ok,,,GGA,0.2,3,True
2026-05-28T03:39:22+00:00,HYB_GGA_XC_HFLYP,libxc_code,HYB_GGA_XC_HFLYP,ok,,,GGA,1.0,3,True
2026-05-28T03:39:22+00:00,HYB_GGA_XC_HJSB88,libxc_code,HYB_GGA_XC_HJSB88,ok,,,GGA,0.0,3,True
2026-05-28T03:39:22+00:00,HYB_GGA_XC_HJSB97X,libxc_code,HYB_GGA_XC_HJSB97X,ok,,,GGA,0.0,3,True
2026-05-28T03:39:22+00:00,HYB_GGA_XC_HJSPBE,libxc_code,HYB_GGA_XC_HJSPBE,ok,,,GGA,0.0,3,True
2026-05-28T03:39:22+00:00,HYB_GGA_XC_HJSPBESOL,libxc_code,HYB_GGA_XC_HJSPBESOL,ok,,,GGA,0.0,3,True
2026-05-28T03:39:22+00:00,HYB_GGA_XC_HJS_B88,libxc_code,HYB_GGA_XC_HJS_B88,ok,,,GGA,0.0,3,True
2026-05-28T03:39:22+00:00,HYB_GGA_XC_HJS_B97X,libxc_code,HYB_GGA_XC_HJS_B97X,ok,,,GGA,0.0,3,True
2026-05-28T03:39:22+00:00,HYB_GGA_XC_HJS_PBE,libxc_code,HYB_GGA_XC_HJS_PBE,ok,,,GGA,0.0,3,True
2026-05-28T03:39:22+00:00,HYB_GGA_XC_HJS_PBE_SOL,libxc_code,HYB_GGA_XC_HJS_PBE_SOL,ok,,,GGA,0.0,3,True
2026-05-28T03:39:22+00:00,HYB_GGA_XC_HPBEINT,libxc_code,HYB_GGA_XC_HPBEINT,ok,,,GGA,0.16666666666666666,3,True
2026-05-28T03:39:22+00:00,HYB_GGA_XC_HSE03,libxc_code,HYB_GGA_XC_HSE03,ok,,,GGA,0.0,3,True
2026-05-28T03:39:22+00:00,HYB_GGA_XC_HSE06,libxc_code,HYB_GGA_XC_HSE06,ok,,,GGA,0.0,3,True
2026-05-28T03:39:22+00:00,HYB_GGA_XC_HSE12,libxc_code,HYB_GGA_XC_HSE12,ok,,,GGA,0.0,3,True
2026-05-28T03:39:22+00:00,HYB_GGA_XC_HSE12S,libxc_code,HYB_GGA_XC_HSE12S,ok,,,GGA,0.0,3,True
2026-05-28T03:39:22+00:00,HYB_GGA_XC_HSESOL,libxc_code,HYB_GGA_XC_HSESOL,ok,,,GGA,0.0,3,True
2026-05-28T03:39:22+00:00,HYB_GGA_XC_HSE_SOL,libxc_code,HYB_GGA_XC_HSE_SOL,ok,,,GGA,0.0,3,True
2026-05-28T03:39:22+00:00,HYB_GGA_XC_KMLYP,libxc_code,HYB_GGA_XC_KMLYP,ok,,,GGA,0.557,3,True
2026-05-28T03:39:22+00:00,HYB_GGA_XC_LB07,libxc_code,HYB_GGA_XC_LB07,ok,,,GGA,1.0,3,True
2026-05-28T03:39:22+00:00,HYB_GGA_XC_LCBLYP,libxc_code,HYB_GGA_XC_LCBLYP,ok,,,GGA,1.0,3,True
2026-05-28T03:39:22+00:00,HYB_GGA_XC_LCBLYPEA,libxc_code,HYB_GGA_XC_LCBLYPEA,ok,,,GGA,1.0,3,True
2026-05-28T03:39:22+00:00,HYB_GGA_XC_LCBLYPR,libxc_code,HYB_GGA_XC_LCBLYPR,ok,,,GGA,1.0,3,True
2026-05-28T03:39:22+00:00,HYB_GGA_XC_LCBOP,libxc_code,HYB_GGA_XC_LCBOP,ok,,,GGA,1.0,3,True
2026-05-28T03:39:22+00:00,HYB_GGA_XC_LCPBEOP,libxc_code,HYB_GGA_XC_LCPBEOP,ok,,,GGA,1.0,3,True
2026-05-28T03:39:22+00:00,HYB_GGA_XC_LCQTP,libxc_code,HYB_GGA_XC_LCQTP,ok,,,GGA,1.0,3,True
2026-05-28T03:39:22+00:00,HYB_GGA_XC_LCVV10,libxc_code,HYB_GGA_XC_LCVV10,ok,,,GGA,1.0,3,True
2026-05-28T03:39:22+00:00,HYB_GGA_XC_LCWPBE,libxc_code,HYB_GGA_XC_LCWPBE,ok,,,GGA,1.0,3,True
2026-05-28T03:39:22+00:00,HYB_GGA_XC_LCWPBE08WHS,libxc_code,HYB_GGA_XC_LCWPBE08WHS,ok,,,GGA,1.0,3,True
2026-05-28T03:39:22+00:00,HYB_GGA_XC_LCWPBEHWHS,libxc_code,HYB_GGA_XC_LCWPBEHWHS,ok,,,GGA,1.0,3,True
2026-05-28T03:39:22+00:00,HYB_GGA_XC_LCWPBESOLWHS,libxc_code,HYB_GGA_XC_LCWPBESOLWHS,ok,,,GGA,1.0,3,True
2026-05-28T03:39:22+00:00,HYB_GGA_XC_LCWPBEWHS,libxc_code,HYB_GGA_XC_LCWPBEWHS,ok,,,GGA,1.0,3,True
2026-05-28T03:39:22+00:00,HYB_GGA_XC_LCYBLYP,libxc_code,HYB_GGA_XC_LCYBLYP,ok,,,GGA,1.0,3,True
2026-05-28T03:39:22+00:00,HYB_GGA_XC_LCYPBE,libxc_code,HYB_GGA_XC_LCYPBE,ok,,,GGA,1.0,3,True
2026-05-28T03:39:22+00:00,HYB_GGA_XC_LCY_BLYP,libxc_code,HYB_GGA_XC_LCY_BLYP,ok,,,GGA,1.0,3,True
2026-05-28T03:39:22+00:00,HYB_GGA_XC_LCY_PBE,libxc_code,HYB_GGA_XC_LCY_PBE,ok,,,GGA,1.0,3,True
2026-05-28T03:39:22+00:00,HYB_GGA_XC_LC_BLYP,libxc_code,HYB_GGA_XC_LC_BLYP,ok,,,GGA,1.0,3,True
2026-05-28T03:39:22+00:00,HYB_GGA_XC_LC_BLYPR,libxc_code,HYB_GGA_XC_LC_BLYPR,ok,,,GGA,1.0,3,True
2026-05-28T03:39:22+00:00,HYB_GGA_XC_LC_BLYP_EA,libxc_code,HYB_GGA_XC_LC_BLYP_EA,ok,,,GGA,1.0,3,True
2026-05-28T03:39:22+00:00,HYB_GGA_XC_LC_BOP,libxc_code,HYB_GGA_XC_LC_BOP,ok,,,GGA,1.0,3,True
2026-05-28T03:39:22+00:00,HYB_GGA_XC_LC_PBEOP,libxc_code,HYB_GGA_XC_LC_PBEOP,ok,,,GGA,1.0,3,True
2026-05-28T03:39:22+00:00,HYB_GGA_XC_LC_QTP,libxc_code,HYB_GGA_XC_LC_QTP,ok,,,GGA,1.0,3,True
2026-05-28T03:39:22+00:00,HYB_GGA_XC_LC_VV10,libxc_code,HYB_GGA_XC_LC_VV10,ok,,,GGA,1.0,3,True
2026-05-28T03:39:22+00:00,HYB_GGA_XC_LC_WPBE,libxc_code,HYB_GGA_XC_LC_WPBE,ok,,,GGA,1.0,3,True
2026-05-28T03:39:22+00:00,HYB_GGA_XC_LC_WPBE08_WHS,libxc_code,HYB_GGA_XC_LC_WPBE08_WHS,ok,,,GGA,1.0,3,True
2026-05-28T03:39:22+00:00,HYB_GGA_XC_LC_WPBEH_WHS,libxc_code,HYB_GGA_XC_LC_WPBEH_WHS,ok,,,GGA,1.0,3,True
2026-05-28T03:39:22+00:00,HYB_GGA_XC_LC_WPBESOL_WHS,libxc_code,HYB_GGA_XC_LC_WPBESOL_WHS,ok,,,GGA,1.0,3,True
2026-05-28T03:39:22+00:00,HYB_GGA_XC_LC_WPBE_WHS,libxc_code,HYB_GGA_XC_LC_WPBE_WHS,ok,,,GGA,1.0,3,True
2026-05-28T03:39:22+00:00,HYB_GGA_XC_LRCWPBE,libxc_code,HYB_GGA_XC_LRCWPBE,ok,,,GGA,1.0,3,True
2026-05-28T03:39:22+00:00,HYB_GGA_XC_LRCWPBEH,libxc_code,HYB_GGA_XC_LRCWPBEH,ok,,,GGA,1.0,3,True
2026-05-28T03:39:22+00:00,HYB_GGA_XC_LRC_WPBE,libxc_code,HYB_GGA_XC_LRC_WPBE,ok,,,GGA,1.0,3,True
2026-05-28T03:39:22+00:00,HYB_GGA_XC_LRC_WPBEH,libxc_code,HYB_GGA_XC_LRC_WPBEH,ok,,,GGA,1.0,3,True
2026-05-28T03:39:22+00:00,HYB_GGA_XC_MB3LYPRC04,libxc_code,HYB_GGA_XC_MB3LYPRC04,ok,,,GGA,0.2,3,True
2026-05-28T03:39:22+00:00,HYB_GGA_XC_MB3LYP_RC04,libxc_code,HYB_GGA_XC_MB3LYP_RC04,ok,,,GGA,0.2,3,True
2026-05-28T03:39:22+00:00,HYB_GGA_XC_MCAMB3LYP,libxc_code,HYB_GGA_XC_MCAMB3LYP,ok,,,GGA,0.38,3,True
2026-05-28T03:39:22+00:00,HYB_GGA_XC_MCAM_B3LYP,libxc_code,HYB_GGA_XC_MCAM_B3LYP,ok,,,GGA,0.38,3,True
2026-05-28T03:39:22+00:00,HYB_GGA_XC_MPW1K,libxc_code,HYB_GGA_XC_MPW1K,ok,,,GGA,0.428,3,True
2026-05-28T03:39:22+00:00,HYB_GGA_XC_MPW1LYP,libxc_code,HYB_GGA_XC_MPW1LYP,ok,,,GGA,0.25,3,True
2026-05-28T03:39:22+00:00,HYB_GGA_XC_MPW1PBE,libxc_code,HYB_GGA_XC_MPW1PBE,ok,,,GGA,0.25,3,True
2026-05-28T03:39:22+00:00,HYB_GGA_XC_MPW1PW,libxc_code,HYB_GGA_XC_MPW1PW,ok,,,GGA,0.25,3,True
2026-05-28T03:39:22+00:00,HYB_GGA_XC_MPW3LYP,libxc_code,HYB_GGA_XC_MPW3LYP,ok,,,GGA,0.218,3,True
2026-05-28T03:39:22+00:00,HYB_GGA_XC_MPW3PW,libxc_code,HYB_GGA_XC_MPW3PW,ok,,,GGA,0.2,3,True
2026-05-28T03:39:22+00:00,HYB_GGA_XC_MPWLYP1M,libxc_code,HYB_GGA_XC_MPWLYP1M,ok,,,GGA,0.05,3,True
2026-05-28T03:39:22+00:00,HYB_GGA_XC_O3LYP,libxc_code,HYB_GGA_XC_O3LYP,ok,,,GGA,0.1161,3,True
2026-05-28T03:39:22+00:00,HYB_GGA_XC_OPB3LYP,libxc_code,HYB_GGA_XC_OPB3LYP,ok,,,GGA,0.2,3,True
2026-05-28T03:39:22+00:00,HYB_GGA_XC_PBE013,libxc_code,HYB_GGA_XC_PBE013,ok,,,GGA,0.3333333333333333,3,True
2026-05-28T03:39:22+00:00,HYB_GGA_XC_PBE0_13,libxc_code,HYB_GGA_XC_PBE0_13,ok,,,GGA,0.3333333333333333,3,True
2026-05-28T03:39:22+00:00,HYB_GGA_XC_PBE2X,libxc_code,HYB_GGA_XC_PBE2X,ok,,,GGA,0.56,3,True
2026-05-28T03:39:22+00:00,HYB_GGA_XC_PBE38,libxc_code,HYB_GGA_XC_PBE38,ok,,,GGA,0.375,3,True
2026-05-28T03:39:22+00:00,HYB_GGA_XC_PBE50,libxc_code,HYB_GGA_XC_PBE50,ok,,,GGA,0.5,3,True
2026-05-28T03:39:22+00:00,HYB_GGA_XC_PBEB0,libxc_code,HYB_GGA_XC_PBEB0,ok,,,GGA,0.25,3,True
2026-05-28T03:39:22+00:00,HYB_GGA_XC_PBEH,libxc_code,HYB_GGA_XC_PBEH,ok,,,GGA,0.25,3,True
2026-05-28T03:39:22+00:00,HYB_GGA_XC_PBEMOL0,libxc_code,HYB_GGA_XC_PBEMOL0,ok,,,GGA,0.25,3,True
2026-05-28T03:39:22+00:00,HYB_GGA_XC_PBEMOLB0,libxc_code,HYB_GGA_XC_PBEMOLB0,ok,,,GGA,0.25,3,True
2026-05-28T03:39:22+00:00,HYB_GGA_XC_PBESOL0,libxc_code,HYB_GGA_XC_PBESOL0,ok,,,GGA,0.25,3,True
2026-05-28T03:39:22+00:00,HYB_GGA_XC_PBE_2X,libxc_code,HYB_GGA_XC_PBE_2X,ok,,,GGA,0.56,3,True
2026-05-28T03:39:22+00:00,HYB_GGA_XC_PBE_MOL0,libxc_code,HYB_GGA_XC_PBE_MOL0,ok,,,GGA,0.25,3,True
2026-05-28T03:39:22+00:00,HYB_GGA_XC_PBE_MOLB0,libxc_code,HYB_GGA_XC_PBE_MOLB0,ok,,,GGA,0.25,3,True
2026-05-28T03:39:22+00:00,HYB_GGA_XC_PBE_SOL0,libxc_code,HYB_GGA_XC_PBE_SOL0,ok,,,GGA,0.25,3,True
2026-05-28T03:39:22+00:00,HYB_GGA_XC_QTP17,libxc_code,HYB_GGA_XC_QTP17,ok,,,GGA,0.62,3,True
2026-05-28T03:39:22+00:00,HYB_GGA_XC_RCAMB3LYP,libxc_code,HYB_GGA_XC_RCAMB3LYP,ok,,,GGA,1.13331,3,True
2026-05-28T03:39:22+00:00,HYB_GGA_XC_RCAM_B3LYP,libxc_code,HYB_GGA_XC_RCAM_B3LYP,ok,,,GGA,1.13331,3,True
2026-05-28T03:39:22+00:00,HYB_GGA_XC_RELPBE0,libxc_code,HYB_GGA_XC_RELPBE0,ok,,,GGA,0.2311865490779869,3,True
2026-05-28T03:39:22+00:00,HYB_GGA_XC_REVB3LYP,libxc_code,HYB_GGA_XC_REVB3LYP,ok,,,GGA,0.2,3,True
2026-05-28T03:39:22+00:00,HYB_GGA_XC_SB981A,libxc_code,HYB_GGA_XC_SB981A,ok,,,GGA,0.229015,3,True
2026-05-28T03:39:22+00:00,HYB_GGA_XC_SB981B,libxc_code,HYB_GGA_XC_SB981B,ok,,,GGA,0.199352,3,True
2026-05-28T03:39:22+00:00,HYB_GGA_XC_SB981C,libxc_code,HYB_GGA_XC_SB981C,ok,,,GGA,0.192416,3,True
2026-05-28T03:39:22+00:00,HYB_GGA_XC_SB982A,libxc_code,HYB_GGA_XC_SB982A,ok,,,GGA,0.232055,3,True
2026-05-28T03:39:22+00:00,HYB_GGA_XC_SB982B,libxc_code,HYB_GGA_XC_SB982B,ok,,,GGA,0.237978,3,True
2026-05-28T03:39:22+00:00,HYB_GGA_XC_SB982C,libxc_code,HYB_GGA_XC_SB982C,ok,,,GGA,0.219847,3,True
2026-05-28T03:39:22+00:00,HYB_GGA_XC_SB98_1A,libxc_code,HYB_GGA_XC_SB98_1A,ok,,,GGA,0.229015,3,True
2026-05-28T03:39:22+00:00,HYB_GGA_XC_SB98_1B,libxc_code,HYB_GGA_XC_SB98_1B,ok,,,GGA,0.199352,3,True
2026-05-28T03:39:22+00:00,HYB_GGA_XC_SB98_1C,libxc_code,HYB_GGA_XC_SB98_1C,ok,,,GGA,0.192416,3,True
2026-05-28T03:39:22+00:00,HYB_GGA_XC_SB98_2A,libxc_code,HYB_GGA_XC_SB98_2A,ok,,,GGA,0.232055,3,True
2026-05-28T03:39:22+00:00,HYB_GGA_XC_SB98_2B,libxc_code,HYB_GGA_XC_SB98_2B,ok,,,GGA,0.237978,3,True
2026-05-28T03:39:22+00:00,HYB_GGA_XC_SB98_2C,libxc_code,HYB_GGA_XC_SB98_2C,ok,,,GGA,0.219847,3,True
2026-05-28T03:39:22+00:00,HYB_GGA_XC_TUNEDCAMB3LYP,libxc_code,HYB_GGA_XC_TUNEDCAMB3LYP,ok,,,GGA,1.0,3,True
2026-05-28T03:39:22+00:00,HYB_GGA_XC_TUNED_CAM_B3LYP,libxc_code,HYB_GGA_XC_TUNED_CAM_B3LYP,ok,,,GGA,1.0,3,True
2026-05-28T03:39:22+00:00,HYB_GGA_XC_WB97,libxc_code,HYB_GGA_XC_WB97,ok,,,GGA,1.0,3,True
2026-05-28T03:39:22+00:00,HYB_GGA_XC_WB97X,libxc_code,HYB_GGA_XC_WB97X,ok,,,GGA,1.0,3,True
2026-05-28T03:39:22+00:00,HYB_GGA_XC_WB97XD,libxc_code,HYB_GGA_XC_WB97XD,ok,,,GGA,1.0,3,True
2026-05-28T03:39:22+00:00,HYB_GGA_XC_WB97XD3,libxc_code,HYB_GGA_XC_WB97XD3,ok,,,GGA,1.0,3,True
2026-05-28T03:39:22+00:00,HYB_GGA_XC_WB97XV,libxc_code,HYB_GGA_XC_WB97XV,ok,,,GGA,1.0,3,True
2026-05-28T03:39:22+00:00,HYB_GGA_XC_WB97X_D,libxc_code,HYB_GGA_XC_WB97X_D,ok,,,GGA,1.0,3,True
2026-05-28T03:39:22+00:00,HYB_GGA_XC_WB97X_D3,libxc_code,HYB_GGA_XC_WB97X_D3,ok,,,GGA,1.0,3,True
2026-05-28T03:39:22+00:00,HYB_GGA_XC_WB97X_V,libxc_code,HYB_GGA_XC_WB97X_V,ok,,,GGA,1.0,3,True
2026-05-28T03:39:22+00:00,HYB_GGA_XC_WC04,libxc_code,HYB_GGA_XC_WC04,ok,,,GGA,0.74,3,True
2026-05-28T03:39:22+00:00,HYB_GGA_XC_WHPBE0,libxc_code,HYB_GGA_XC_WHPBE0,ok,,,GGA,0.5,3,True
2026-05-28T03:39:22+00:00,HYB_GGA_XC_WP04,libxc_code,HYB_GGA_XC_WP04,ok,,,GGA,0.1189,3,True
2026-05-28T03:39:22+00:00,HYB_GGA_XC_X3LYP,libxc_code,HYB_GGA_XC_X3LYP,ok,,,GGA,0.218,3,True
2026-05-28T03:39:22+00:00,HYB_GGA_X_CAMS12G,libxc_code,HYB_GGA_X_CAMS12G,ok,,,GGA,0.34485046,3,True
2026-05-28T03:39:22+00:00,HYB_GGA_X_CAMS12H,libxc_code,HYB_GGA_X_CAMS12H,ok,,,GGA,0.35897845,3,True
2026-05-28T03:39:22+00:00,HYB_GGA_X_CAM_S12G,libxc_code,HYB_GGA_X_CAM_S12G,ok,,,GGA,0.34485046,3,True
2026-05-28T03:39:22+00:00,HYB_GGA_X_CAM_S12H,libxc_code,HYB_GGA_X_CAM_S12H,ok,,,GGA,0.35897845,3,True
2026-05-28T03:39:22+00:00,HYB_GGA_X_N12SX,libxc_code,HYB_GGA_X_N12SX,ok,,,GGA,0.0,3,True
2026-05-28T03:39:22+00:00,HYB_GGA_X_N12_SX,libxc_code,HYB_GGA_X_N12_SX,ok,,,GGA,0.0,3,True
2026-05-28T03:39:22+00:00,HYB_GGA_X_PBEERFGWS,libxc_code,HYB_GGA_X_PBEERFGWS,ok,,,GGA,1.0,3,True
2026-05-28T03:39:22+00:00,HYB_GGA_X_PBE_ERF_GWS,libxc_code,HYB_GGA_X_PBE_ERF_GWS,ok,,,GGA,1.0,3,True
2026-05-28T03:39:22+00:00,HYB_GGA_X_S12H,libxc_code,HYB_GGA_X_S12H,ok,,,GGA,0.25,3,True
2026-05-28T03:39:22+00:00,HYB_GGA_X_SOGGA11X,libxc_code,HYB_GGA_X_SOGGA11X,ok,,,GGA,0.4015,3,True
2026-05-28T03:39:22+00:00,HYB_GGA_X_SOGGA11_X,libxc_code,HYB_GGA_X_SOGGA11_X,ok,,,GGA,0.4015,3,True
2026-05-28T03:39:22+00:00,HYB_LDA_XC_BN05,libxc_code,HYB_LDA_XC_BN05,ok,,,LDA,1.0,3,True
2026-05-28T03:39:22+00:00,HYB_LDA_XC_CAMLDA0,libxc_code,HYB_LDA_XC_CAMLDA0,ok,,,LDA,0.5,3,True
2026-05-28T03:39:22+00:00,HYB_LDA_XC_CAM_LDA0,libxc_code,HYB_LDA_XC_CAM_LDA0,ok,,,LDA,0.5,3,True
2026-05-28T03:39:22+00:00,HYB_LDA_XC_LDA0,libxc_code,HYB_LDA_XC_LDA0,ok,,,LDA,0.25,3,True
2026-05-28T03:39:22+00:00,HYB_LDA_X_ERF,libxc_code,HYB_LDA_X_ERF,ok,,,LDA,0.0,3,True
2026-05-28T03:39:22+00:00,HYB_MGGA_XC_B0KCIS,libxc_code,HYB_MGGA_XC_B0KCIS,ok,,,MGGA,0.25,3,True
2026-05-28T03:39:22+00:00,HYB_MGGA_XC_B86B95,libxc_code,HYB_MGGA_XC_B86B95,ok,,,MGGA,0.28,3,True
2026-05-28T03:39:22+00:00,HYB_MGGA_XC_B88B95,libxc_code,HYB_MGGA_XC_B88B95,ok,,,MGGA,0.28,3,True
2026-05-28T03:39:22+00:00,HYB_MGGA_XC_B94HYB,libxc_code,HYB_MGGA_XC_B94HYB,ok,,,MGGA,0.154,3,True
2026-05-28T03:39:22+00:00,HYB_MGGA_XC_B94_HYB,libxc_code,HYB_MGGA_XC_B94_HYB,ok,,,MGGA,0.154,3,True
2026-05-28T03:39:22+00:00,HYB_MGGA_XC_B98,libxc_code,HYB_MGGA_XC_B98,ok,,,MGGA,0.1985,3,True
2026-05-28T03:39:22+00:00,HYB_MGGA_XC_BB1K,libxc_code,HYB_MGGA_XC_BB1K,ok,,,MGGA,0.42,3,True
2026-05-28T03:39:22+00:00,HYB_MGGA_XC_BR3P86,libxc_code,HYB_MGGA_XC_BR3P86,ok,,,MGGA,0.22,3,True
2026-05-28T03:39:22+00:00,HYB_MGGA_XC_EDMGGAH,libxc_code,HYB_MGGA_XC_EDMGGAH,ok,,,MGGA,0.22,3,True
2026-05-28T03:39:22+00:00,HYB_MGGA_XC_GAS22,libxc_code,HYB_MGGA_XC_GAS22,ok,,,MGGA,1.0,3,True
2026-05-28T03:39:22+00:00,HYB_MGGA_XC_LCTMLYP,libxc_code,HYB_MGGA_XC_LCTMLYP,ok,,,MGGA,1.0,3,True
2026-05-28T03:39:22+00:00,HYB_MGGA_XC_LC_TMLYP,libxc_code,HYB_MGGA_XC_LC_TMLYP,ok,,,MGGA,1.0,3,True
2026-05-28T03:39:22+00:00,HYB_MGGA_XC_MPW1B95,libxc_code,HYB_MGGA_XC_MPW1B95,ok,,,MGGA,0.31,3,True
2026-05-28T03:39:22+00:00,HYB_MGGA_XC_MPW1KCIS,libxc_code,HYB_MGGA_XC_MPW1KCIS,ok,,,MGGA,0.15,3,True
2026-05-28T03:39:22+00:00,HYB_MGGA_XC_MPWB1K,libxc_code,HYB_MGGA_XC_MPWB1K,ok,,,MGGA,0.44,3,True
2026-05-28T03:39:22+00:00,HYB_MGGA_XC_MPWKCIS1K,libxc_code,HYB_MGGA_XC_MPWKCIS1K,ok,,,MGGA,0.41,3,True
2026-05-28T03:39:22+00:00,HYB_MGGA_XC_PBE1KCIS,libxc_code,HYB_MGGA_XC_PBE1KCIS,ok,,,MGGA,0.22,3,True
2026-05-28T03:39:22+00:00,HYB_MGGA_XC_PW6B95,libxc_code,HYB_MGGA_XC_PW6B95,ok,,,MGGA,0.28,3,True
2026-05-28T03:39:22+00:00,HYB_MGGA_XC_PW86B95,libxc_code,HYB_MGGA_XC_PW86B95,ok,,,MGGA,0.29,3,True
2026-05-28T03:39:22+00:00,HYB_MGGA_XC_PWB6K,libxc_code,HYB_MGGA_XC_PWB6K,ok,,,MGGA,0.46,3,True
2026-05-28T03:39:22+00:00,HYB_MGGA_XC_R2SCAN0,libxc_code,HYB_MGGA_XC_R2SCAN0,ok,,,MGGA,0.25,3,True
2026-05-28T03:39:22+00:00,HYB_MGGA_XC_R2SCAN50,libxc_code,HYB_MGGA_XC_R2SCAN50,ok,,,MGGA,0.5,3,True
2026-05-28T03:39:22+00:00,HYB_MGGA_XC_R2SCANH,libxc_code,HYB_MGGA_XC_R2SCANH,ok,,,MGGA,0.1,3,True
2026-05-28T03:39:22+00:00,HYB_MGGA_XC_REVTPSSH,libxc_code,HYB_MGGA_XC_REVTPSSH,ok,,,MGGA,0.1,3,True
2026-05-28T03:39:22+00:00,HYB_MGGA_XC_TPSS0,libxc_code,HYB_MGGA_XC_TPSS0,ok,,,MGGA,0.25,3,True
2026-05-28T03:39:22+00:00,HYB_MGGA_XC_TPSS1KCIS,libxc_code,HYB_MGGA_XC_TPSS1KCIS,ok,,,MGGA,0.13,3,True
2026-05-28T03:39:22+00:00,HYB_MGGA_XC_TPSSH,libxc_code,HYB_MGGA_XC_TPSSH,ok,,,MGGA,0.1,3,True
2026-05-28T03:39:22+00:00,HYB_MGGA_XC_WB97MV,libxc_code,HYB_MGGA_XC_WB97MV,ok,,,MGGA,1.0,3,True
2026-05-28T03:39:22+00:00,HYB_MGGA_XC_WB97M_V,libxc_code,HYB_MGGA_XC_WB97M_V,ok,,,MGGA,1.0,3,True
2026-05-28T03:39:22+00:00,HYB_MGGA_XC_X1B95,libxc_code,HYB_MGGA_XC_X1B95,ok,,,MGGA,0.3,3,True
2026-05-28T03:39:22+00:00,HYB_MGGA_XC_XB1K,libxc_code,HYB_MGGA_XC_XB1K,ok,,,MGGA,0.43,3,True
2026-05-28T03:39:22+00:00,HYB_MGGA_X_BMK,libxc_code,HYB_MGGA_X_BMK,ok,,,MGGA,0.42,3,True
2026-05-28T03:39:22+00:00,HYB_MGGA_X_CF22D,libxc_code,HYB_MGGA_X_CF22D,ok,,,MGGA,0.462806,3,True
2026-05-28T03:39:22+00:00,HYB_MGGA_X_DLDF,libxc_code,HYB_MGGA_X_DLDF,ok,,,MGGA,0.6144129,3,True
2026-05-28T03:39:22+00:00,HYB_MGGA_X_JS18,libxc_code,HYB_MGGA_X_JS18,ok,,,MGGA,0.0,3,True
2026-05-28T03:39:22+00:00,HYB_MGGA_X_M05,libxc_code,HYB_MGGA_X_M05,ok,,,MGGA,0.28,3,True
2026-05-28T03:39:22+00:00,HYB_MGGA_X_M052X,libxc_code,HYB_MGGA_X_M052X,ok,,,MGGA,0.56,3,True
2026-05-28T03:39:22+00:00,HYB_MGGA_X_M05_2X,libxc_code,HYB_MGGA_X_M05_2X,ok,,,MGGA,0.56,3,True
2026-05-28T03:39:22+00:00,HYB_MGGA_X_M06,libxc_code,HYB_MGGA_X_M06,ok,,,MGGA,0.27,3,True
2026-05-28T03:39:22+00:00,HYB_MGGA_X_M062X,libxc_code,HYB_MGGA_X_M062X,ok,,,MGGA,0.54,3,True
2026-05-28T03:39:22+00:00,HYB_MGGA_X_M06HF,libxc_code,HYB_MGGA_X_M06HF,ok,,,MGGA,1.0,3,True
2026-05-28T03:39:22+00:00,HYB_MGGA_X_M06SX,libxc_code,HYB_MGGA_X_M06SX,ok,,,MGGA,0.0,3,True
2026-05-28T03:39:22+00:00,HYB_MGGA_X_M06_2X,libxc_code,HYB_MGGA_X_M06_2X,ok,,,MGGA,0.54,3,True
2026-05-28T03:39:22+00:00,HYB_MGGA_X_M06_HF,libxc_code,HYB_MGGA_X_M06_HF,ok,,,MGGA,1.0,3,True
2026-05-28T03:39:22+00:00,HYB_MGGA_X_M06_SX,libxc_code,HYB_MGGA_X_M06_SX,ok,,,MGGA,0.0,3,True
2026-05-28T03:39:22+00:00,HYB_MGGA_X_M08HX,libxc_code,HYB_MGGA_X_M08HX,ok,,,MGGA,0.5223,3,True
2026-05-28T03:39:22+00:00,HYB_MGGA_X_M08SO,libxc_code,HYB_MGGA_X_M08SO,ok,,,MGGA,0.5679,3,True
2026-05-28T03:39:22+00:00,HYB_MGGA_X_M08_HX,libxc_code,HYB_MGGA_X_M08_HX,ok,,,MGGA,0.5223,3,True
2026-05-28T03:39:22+00:00,HYB_MGGA_X_M08_SO,libxc_code,HYB_MGGA_X_M08_SO,ok,,,MGGA,0.5679,3,True
2026-05-28T03:39:22+00:00,HYB_MGGA_X_M11,libxc_code,HYB_MGGA_X_M11,ok,,,MGGA,1.0,3,True
2026-05-28T03:39:22+00:00,HYB_MGGA_X_MN12SX,libxc_code,HYB_MGGA_X_MN12SX,ok,,,MGGA,0.0,3,True
2026-05-28T03:39:22+00:00,HYB_MGGA_X_MN12_SX,libxc_code,HYB_MGGA_X_MN12_SX,ok,,,MGGA,0.0,3,True
2026-05-28T03:39:22+00:00,HYB_MGGA_X_MN15,libxc_code,HYB_MGGA_X_MN15,ok,,,MGGA,0.44,3,True
2026-05-28T03:39:22+00:00,HYB_MGGA_X_MS2H,libxc_code,HYB_MGGA_X_MS2H,ok,,,MGGA,0.09,3,True
2026-05-28T03:39:22+00:00,HYB_MGGA_X_MVSH,libxc_code,HYB_MGGA_X_MVSH,ok,,,MGGA,0.25,3,True
2026-05-28T03:39:22+00:00,HYB_MGGA_X_PJS18,libxc_code,HYB_MGGA_X_PJS18,ok,,,MGGA,1.0,3,True
2026-05-28T03:39:22+00:00,HYB_MGGA_X_REVM06,libxc_code,HYB_MGGA_X_REVM06,ok,,,MGGA,0.4041,3,True
2026-05-28T03:39:22+00:00,HYB_MGGA_X_REVM11,libxc_code,HYB_MGGA_X_REVM11,ok,,,MGGA,1.0,3,True
2026-05-28T03:39:22+00:00,HYB_MGGA_X_REVSCAN0,libxc_code,HYB_MGGA_X_REVSCAN0,ok,,,MGGA,0.25,3,True
2026-05-28T03:39:22+00:00,HYB_MGGA_X_SCAN0,libxc_code,HYB_MGGA_X_SCAN0,ok,,,MGGA,0.25,3,True
2026-05-28T03:39:22+00:00,HYB_MGGA_X_TAUHCTH,libxc_code,HYB_MGGA_X_TAUHCTH,ok,,,MGGA,0.15,3,True
2026-05-28T03:39:22+00:00,HYB_MGGA_X_TAU_HCTH,libxc_code,HYB_MGGA_X_TAU_HCTH,ok,,,MGGA,0.15,3,True
2026-05-28T03:39:22+00:00,LDA,libxc_code,LDA,ok,,,LDA,0.0,3,True
2026-05-28T03:39:22+00:00,LDA_C_1DCSC,libxc_code,LDA_C_1DCSC,ok,,,LDA,0.0,3,True
2026-05-28T03:39:22+00:00,LDA_C_1DLOOS,libxc_code,LDA_C_1DLOOS,ok,,,LDA,0.0,3,True
2026-05-28T03:39:22+00:00,LDA_C_1D_CSC,libxc_code,LDA_C_1D_CSC,ok,,,LDA,0.0,3,True
2026-05-28T03:39:22+00:00,LDA_C_1D_LOOS,libxc_code,LDA_C_1D_LOOS,ok,,,LDA,0.0,3,True
2026-05-28T03:39:22+00:00,LDA_C_2DAMGB,libxc_code,LDA_C_2DAMGB,ok,,,LDA,0.0,3,True
2026-05-28T03:39:22+00:00,LDA_C_2DPRM,libxc_code,LDA_C_2DPRM,ok,,,LDA,0.0,3,True
2026-05-28T03:39:22+00:00,LDA_C_2D_AMGB,libxc_code,LDA_C_2D_AMGB,ok,,,LDA,0.0,3,True
2026-05-28T03:39:22+00:00,LDA_C_2D_PRM,libxc_code,LDA_C_2D_PRM,ok,,,LDA,0.0,3,True
2026-05-28T03:39:22+00:00,LDA_C_BR78,libxc_code,LDA_C_BR78,ok,,,LDA,0.0,3,True
2026-05-28T03:39:22+00:00,LDA_C_CHACHIYO,libxc_code,LDA_C_CHACHIYO,ok,,,LDA,0.0,3,True
2026-05-28T03:39:22+00:00,LDA_C_CHACHIYOMOD,libxc_code,LDA_C_CHACHIYOMOD,ok,,,LDA,0.0,3,True
2026-05-28T03:39:22+00:00,LDA_C_CHACHIYO_MOD,libxc_code,LDA_C_CHACHIYO_MOD,ok,,,LDA,0.0,3,True
2026-05-28T03:39:22+00:00,LDA_C_EPC17,libxc_code,LDA_C_EPC17,ok,,,LDA,0.0,3,True
2026-05-28T03:39:22+00:00,LDA_C_EPC172,libxc_code,LDA_C_EPC172,ok,,,LDA,0.0,3,True
2026-05-28T03:39:22+00:00,LDA_C_EPC17_2,libxc_code,LDA_C_EPC17_2,ok,,,LDA,0.0,3,True
2026-05-28T03:39:22+00:00,LDA_C_EPC181,libxc_code,LDA_C_EPC181,ok,,,LDA,0.0,3,True
2026-05-28T03:39:22+00:00,LDA_C_EPC182,libxc_code,LDA_C_EPC182,ok,,,LDA,0.0,3,True
2026-05-28T03:39:22+00:00,LDA_C_EPC18_1,libxc_code,LDA_C_EPC18_1,ok,,,LDA,0.0,3,True
2026-05-28T03:39:22+00:00,LDA_C_EPC18_2,libxc_code,LDA_C_EPC18_2,ok,,,LDA,0.0,3,True
2026-05-28T03:39:22+00:00,LDA_C_GK72,libxc_code,LDA_C_GK72,ok,,,LDA,0.0,3,True
2026-05-28T03:39:22+00:00,LDA_C_GL,libxc_code,LDA_C_GL,ok,,,LDA,0.0,3,True
2026-05-28T03:39:22+00:00,LDA_C_GOMBAS,libxc_code,LDA_C_GOMBAS,ok,,,LDA,0.0,3,True
2026-05-28T03:39:22+00:00,LDA_C_HL,libxc_code,LDA_C_HL,ok,,,LDA,0.0,3,True
2026-05-28T03:39:22+00:00,LDA_C_KARASIEV,libxc_code,LDA_C_KARASIEV,ok,,,LDA,0.0,3,True
2026-05-28T03:39:22+00:00,LDA_C_KARASIEVMOD,libxc_code,LDA_C_KARASIEVMOD,ok,,,LDA,0.0,3,True
2026-05-28T03:39:22+00:00,LDA_C_KARASIEV_MOD,libxc_code,LDA_C_KARASIEV_MOD,ok,,,LDA,0.0,3,True
2026-05-28T03:39:22+00:00,LDA_C_LP96,libxc_code,LDA_C_LP96,ok,,,LDA,0.0,3,True
2026-05-28T03:39:22+00:00,LDA_C_MCWEENY,libxc_code,LDA_C_MCWEENY,ok,,,LDA,0.0,3,True
2026-05-28T03:39:22+00:00,LDA_C_ML1,libxc_code,LDA_C_ML1,ok,,,LDA,0.0,3,True
2026-05-28T03:39:22+00:00,LDA_C_ML2,libxc_code,LDA_C_ML2,ok,,,LDA,0.0,3,True
2026-05-28T03:39:22+00:00,LDA_C_OBPW,libxc_code,LDA_C_OBPW,ok,,,LDA,0.0,3,True
2026-05-28T03:39:22+00:00,LDA_C_OBPZ,libxc_code,LDA_C_OBPZ,ok,,,LDA,0.0,3,True
2026-05-28T03:39:22+00:00,LDA_C_OB_PW,libxc_code,LDA_C_OB_PW,ok,,,LDA,0.0,3,True
2026-05-28T03:39:22+00:00,LDA_C_OB_PZ,libxc_code,LDA_C_OB_PZ,ok,,,LDA,0.0,3,True
2026-05-28T03:39:22+00:00,LDA_C_OW,libxc_code,LDA_C_OW,ok,,,LDA,0.0,3,True
2026-05-28T03:39:22+00:00,LDA_C_OWLYP,libxc_code,LDA_C_OWLYP,ok,,,LDA,0.0,3,True
2026-05-28T03:39:22+00:00,LDA_C_OW_LYP,libxc_code,LDA_C_OW_LYP,ok,,,LDA,0.0,3,True
2026-05-28T03:39:22+00:00,LDA_C_PK09,libxc_code,LDA_C_PK09,ok,,,LDA,0.0,3,True
2026-05-28T03:39:22+00:00,LDA_C_PMGB06,libxc_code,LDA_C_PMGB06,ok,,,LDA,0.0,3,True
2026-05-28T03:39:22+00:00,LDA_C_PW,libxc_code,LDA_C_PW,ok,,,LDA,0.0,3,True
2026-05-28T03:39:22+00:00,LDA_C_PWERF,libxc_code,LDA_C_PWERF,ok,,,LDA,0.0,3,True
2026-05-28T03:39:22+00:00,LDA_C_PWMOD,libxc_code,LDA_C_PWMOD,ok,,,LDA,0.0,3,True
2026-05-28T03:39:22+00:00,LDA_C_PWRPA,libxc_code,LDA_C_PWRPA,ok,,,LDA,0.0,3,True
2026-05-28T03:39:22+00:00,LDA_C_PW_ERF,libxc_code,LDA_C_PW_ERF,ok,,,LDA,0.0,3,True
2026-05-28T03:39:22+00:00,LDA_C_PW_MOD,libxc_code,LDA_C_PW_MOD,ok,,,LDA,0.0,3,True
2026-05-28T03:39:22+00:00,LDA_C_PW_RPA,libxc_code,LDA_C_PW_RPA,ok,,,LDA,0.0,3,True
2026-05-28T03:39:22+00:00,LDA_C_PZ,libxc_code,LDA_C_PZ,ok,,,LDA,0.0,3,True
2026-05-28T03:39:22+00:00,LDA_C_PZMOD,libxc_code,LDA_C_PZMOD,ok,,,LDA,0.0,3,True
2026-05-28T03:39:22+00:00,LDA_C_PZ_MOD,libxc_code,LDA_C_PZ_MOD,ok,,,LDA,0.0,3,True
2026-05-28T03:39:22+00:00,LDA_C_RC04,libxc_code,LDA_C_RC04,ok,,,LDA,0.0,3,True
2026-05-28T03:39:22+00:00,LDA_C_RPA,libxc_code,LDA_C_RPA,ok,,,LDA,0.0,3,True
2026-05-28T03:39:22+00:00,LDA_C_RPW92,libxc_code,LDA_C_RPW92,ok,,,LDA,0.0,3,True
2026-05-28T03:39:22+00:00,LDA_C_UPW92,libxc_code,LDA_C_UPW92,ok,,,LDA,0.0,3,True
2026-05-28T03:39:22+00:00,LDA_C_VBH,libxc_code,LDA_C_VBH,ok,,,LDA,0.0,3,True
2026-05-28T03:39:22+00:00,LDA_C_VWN,libxc_code,LDA_C_VWN,ok,,,LDA,0.0,3,True
2026-05-28T03:39:22+00:00,LDA_C_VWN1,libxc_code,LDA_C_VWN1,ok,,,LDA,0.0,3,True
2026-05-28T03:39:22+00:00,LDA_C_VWN2,libxc_code,LDA_C_VWN2,ok,,,LDA,0.0,3,True
2026-05-28T03:39:22+00:00,LDA_C_VWN3,libxc_code,LDA_C_VWN3,ok,,,LDA,0.0,3,True
2026-05-28T03:39:22+00:00,LDA_C_VWN4,libxc_code,LDA_C_VWN4,ok,,,LDA,0.0,3,True
2026-05-28T03:39:22+00:00,LDA_C_VWNRPA,libxc_code,LDA_C_VWNRPA,ok,,,LDA,0.0,3,True
2026-05-28T03:39:22+00:00,LDA_C_VWN_1,libxc_code,LDA_C_VWN_1,ok,,,LDA,0.0,3,True
2026-05-28T03:39:22+00:00,LDA_C_VWN_2,libxc_code,LDA_C_VWN_2,ok,,,LDA,0.0,3,True
2026-05-28T03:39:22+00:00,LDA_C_VWN_3,libxc_code,LDA_C_VWN_3,ok,,,LDA,0.0,3,True
2026-05-28T03:39:22+00:00,LDA_C_VWN_4,libxc_code,LDA_C_VWN_4,ok,,,LDA,0.0,3,True
2026-05-28T03:39:22+00:00,LDA_C_VWN_RPA,libxc_code,LDA_C_VWN_RPA,ok,,,LDA,0.0,3,True
2026-05-28T03:39:22+00:00,LDA_C_W20,libxc_code,LDA_C_W20,ok,,,LDA,0.0,3,True
2026-05-28T03:39:22+00:00,LDA_C_WIGNER,libxc_code,LDA_C_WIGNER,ok,,,LDA,0.0,3,True
2026-05-28T03:39:22+00:00,LDA_C_XALPHA,libxc_code,LDA_C_XALPHA,ok,,,LDA,0.0,3,True
2026-05-28T03:39:22+00:00,LDA_K_GDS08WORKER,libxc_code,LDA_K_GDS08WORKER,ok,,,LDA,0.0,3,True
2026-05-28T03:39:22+00:00,LDA_K_GDS08_WORKER,libxc_code,LDA_K_GDS08_WORKER,ok,,,LDA,0.0,3,True
2026-05-28T03:39:22+00:00,LDA_K_LP,libxc_code,LDA_K_LP,ok,,,LDA,0.0,3,True
2026-05-28T03:39:22+00:00,LDA_K_LP96,libxc_code,LDA_K_LP96,ok,,,LDA,0.0,3,True
2026-05-28T03:39:22+00:00,LDA_K_TF,libxc_code,LDA_K_TF,ok,,,LDA,0.0,3,True
2026-05-28T03:39:22+00:00,LDA_K_ZLP,libxc_code,LDA_K_ZLP,ok,,,LDA,0.0,3,True
2026-05-28T03:39:22+00:00,LDA_X,libxc_code,LDA_X,ok,,,LDA,0.0,3,True
2026-05-28T03:39:22+00:00,LDA_XC_1DEHWLRG1,libxc_code,LDA_XC_1DEHWLRG1,ok,,,LDA,0.0,3,True
2026-05-28T03:39:22+00:00,LDA_XC_1DEHWLRG2,libxc_code,LDA_XC_1DEHWLRG2,ok,,,LDA,0.0,3,True
2026-05-28T03:39:22+00:00,LDA_XC_1DEHWLRG3,libxc_code,LDA_XC_1DEHWLRG3,ok,,,LDA,0.0,3,True
2026-05-28T03:39:22+00:00,LDA_XC_1D_EHWLRG_1,libxc_code,LDA_XC_1D_EHWLRG_1,ok,,,LDA,0.0,3,True
2026-05-28T03:39:22+00:00,LDA_XC_1D_EHWLRG_2,libxc_code,LDA_XC_1D_EHWLRG_2,ok,,,LDA,0.0,3,True
2026-05-28T03:39:22+00:00,LDA_XC_1D_EHWLRG_3,libxc_code,LDA_XC_1D_EHWLRG_3,ok,,,LDA,0.0,3,True
2026-05-28T03:39:22+00:00,LDA_XC_CORRKSDT,libxc_code,LDA_XC_CORRKSDT,ok,,,LDA,0.0,3,True
2026-05-28T03:39:22+00:00,LDA_XC_GDSMFB,libxc_code,LDA_XC_GDSMFB,ok,,,LDA,0.0,3,True
2026-05-28T03:39:22+00:00,LDA_XC_KSDT,libxc_code,LDA_XC_KSDT,ok,,,LDA,0.0,3,True
2026-05-28T03:39:22+00:00,LDA_XC_LPA,libxc_code,LDA_XC_LPA,ok,,,LDA,0.0,3,True
2026-05-28T03:39:22+00:00,LDA_XC_LPB,libxc_code,LDA_XC_LPB,ok,,,LDA,0.0,3,True
2026-05-28T03:39:22+00:00,LDA_XC_LP_A,libxc_code,LDA_XC_LP_A,ok,,,LDA,0.0,3,True
2026-05-28T03:39:22+00:00,LDA_XC_LP_B,libxc_code,LDA_XC_LP_B,ok,,,LDA,0.0,3,True
2026-05-28T03:39:22+00:00,LDA_XC_TETER93,libxc_code,LDA_XC_TETER93,ok,,,LDA,0.0,3,True
2026-05-28T03:39:22+00:00,LDA_XC_TIH,libxc_code,LDA_XC_TIH,ok,,,LDA,0.0,3,True
2026-05-28T03:39:22+00:00,LDA_XC_ZLP,libxc_code,LDA_XC_ZLP,ok,,,LDA,0.0,3,True
2026-05-28T03:39:22+00:00,LDA_X_1DEXPONENTIAL,libxc_code,LDA_X_1DEXPONENTIAL,ok,,,LDA,0.0,3,True
2026-05-28T03:39:22+00:00,LDA_X_1DSOFT,libxc_code,LDA_X_1DSOFT,ok,,,LDA,0.0,3,True
2026-05-28T03:39:22+00:00,LDA_X_1D_EXPONENTIAL,libxc_code,LDA_X_1D_EXPONENTIAL,ok,,,LDA,0.0,3,True
2026-05-28T03:39:22+00:00,LDA_X_1D_SOFT,libxc_code,LDA_X_1D_SOFT,ok,,,LDA,0.0,3,True
2026-05-28T03:39:22+00:00,LDA_X_2D,libxc_code,LDA_X_2D,ok,,,LDA,0.0,3,True
2026-05-28T03:39:22+00:00,LDA_X_ERF,libxc_code,LDA_X_ERF,ok,,,LDA,0.0,3,True
2026-05-28T03:39:22+00:00,LDA_X_RAE,libxc_code,LDA_X_RAE,ok,,,LDA,0.0,3,True
2026-05-28T03:39:22+00:00,LDA_X_REL,libxc_code,LDA_X_REL,ok,,,LDA,0.0,3,True
2026-05-28T03:39:22+00:00,LDA_X_SLOC,libxc_code,LDA_X_SLOC,ok,,,LDA,0.0,3,True
2026-05-28T03:39:22+00:00,LDA_X_YUKAWA,libxc_code,LDA_X_YUKAWA,ok,,,LDA,0.0,3,True
2026-05-28T03:39:22+00:00,MGGA_C_B88,libxc_code,MGGA_C_B88,ok,,,MGGA,0.0,3,True
2026-05-28T03:39:22+00:00,MGGA_C_B94,libxc_code,MGGA_C_B94,ok,,,MGGA,0.0,3,True
2026-05-28T03:39:22+00:00,MGGA_C_BC95,libxc_code,MGGA_C_BC95,ok,,,MGGA,0.0,3,True
2026-05-28T03:39:22+00:00,MGGA_C_CC,libxc_code,MGGA_C_CC,ok,,,MGGA,0.0,3,True
2026-05-28T03:39:22+00:00,MGGA_C_CCALDA,libxc_code,MGGA_C_CCALDA,ok,,,MGGA,0.0,3,True
2026-05-28T03:39:22+00:00,MGGA_C_CF22D,libxc_code,MGGA_C_CF22D,ok,,,MGGA,0.0,3,True
2026-05-28T03:39:22+00:00,MGGA_C_CS,libxc_code,MGGA_C_CS,ok,,,MGGA,0.0,3,True
2026-05-28T03:39:22+00:00,MGGA_C_DLDF,libxc_code,MGGA_C_DLDF,ok,,,MGGA,0.0,3,True
2026-05-28T03:39:22+00:00,MGGA_C_HLTAPW,libxc_code,MGGA_C_HLTAPW,ok,,,MGGA,0.0,3,True
2026-05-28T03:39:22+00:00,MGGA_C_KCIS,libxc_code,MGGA_C_KCIS,ok,,,MGGA,0.0,3,True
2026-05-28T03:39:22+00:00,MGGA_C_KCISK,libxc_code,MGGA_C_KCISK,ok,,,MGGA,0.0,3,True
2026-05-28T03:39:22+00:00,MGGA_C_M05,libxc_code,MGGA_C_M05,ok,,,MGGA,0.0,3,True
2026-05-28T03:39:22+00:00,MGGA_C_M052X,libxc_code,MGGA_C_M052X,ok,,,MGGA,0.0,3,True
2026-05-28T03:39:22+00:00,MGGA_C_M05_2X,libxc_code,MGGA_C_M05_2X,ok,,,MGGA,0.0,3,True
2026-05-28T03:39:22+00:00,MGGA_C_M06,libxc_code,MGGA_C_M06,ok,,,MGGA,0.0,3,True
2026-05-28T03:39:22+00:00,MGGA_C_M062X,libxc_code,MGGA_C_M062X,ok,,,MGGA,0.0,3,True
2026-05-28T03:39:22+00:00,MGGA_C_M06HF,libxc_code,MGGA_C_M06HF,ok,,,MGGA,0.0,3,True
2026-05-28T03:39:22+00:00,MGGA_C_M06L,libxc_code,MGGA_C_M06L,ok,,,MGGA,0.0,3,True
2026-05-28T03:39:22+00:00,MGGA_C_M06SX,libxc_code,MGGA_C_M06SX,ok,,,MGGA,0.0,3,True
2026-05-28T03:39:22+00:00,MGGA_C_M06_2X,libxc_code,MGGA_C_M06_2X,ok,,,MGGA,0.0,3,True
2026-05-28T03:39:22+00:00,MGGA_C_M06_HF,libxc_code,MGGA_C_M06_HF,ok,,,MGGA,0.0,3,True
2026-05-28T03:39:22+00:00,MGGA_C_M06_L,libxc_code,MGGA_C_M06_L,ok,,,MGGA,0.0,3,True
2026-05-28T03:39:22+00:00,MGGA_C_M06_SX,libxc_code,MGGA_C_M06_SX,ok,,,MGGA,0.0,3,True
2026-05-28T03:39:22+00:00,MGGA_C_M08HX,libxc_code,MGGA_C_M08HX,ok,,,MGGA,0.0,3,True
2026-05-28T03:39:22+00:00,MGGA_C_M08SO,libxc_code,MGGA_C_M08SO,ok,,,MGGA,0.0,3,True
2026-05-28T03:39:22+00:00,MGGA_C_M08_HX,libxc_code,MGGA_C_M08_HX,ok,,,MGGA,0.0,3,True
2026-05-28T03:39:22+00:00,MGGA_C_M08_SO,libxc_code,MGGA_C_M08_SO,ok,,,MGGA,0.0,3,True
2026-05-28T03:39:22+00:00,MGGA_C_M11,libxc_code,MGGA_C_M11,ok,,,MGGA,0.0,3,True
2026-05-28T03:39:22+00:00,MGGA_C_M11L,libxc_code,MGGA_C_M11L,ok,,,MGGA,0.0,3,True
2026-05-28T03:39:22+00:00,MGGA_C_M11_L,libxc_code,MGGA_C_M11_L,ok,,,MGGA,0.0,3,True
2026-05-28T03:39:22+00:00,MGGA_C_MN12L,libxc_code,MGGA_C_MN12L,ok,,,MGGA,0.0,3,True
2026-05-28T03:39:22+00:00,MGGA_C_MN12SX,libxc_code,MGGA_C_MN12SX,ok,,,MGGA,0.0,3,True
2026-05-28T03:39:22+00:00,MGGA_C_MN12_L,libxc_code,MGGA_C_MN12_L,ok,,,MGGA,0.0,3,True
2026-05-28T03:39:22+00:00,MGGA_C_MN12_SX,libxc_code,MGGA_C_MN12_SX,ok,,,MGGA,0.0,3,True
2026-05-28T03:39:22+00:00,MGGA_C_MN15,libxc_code,MGGA_C_MN15,ok,,,MGGA,0.0,3,True
2026-05-28T03:39:22+00:00,MGGA_C_MN15L,libxc_code,MGGA_C_MN15L,ok,,,MGGA,0.0,3,True
2026-05-28T03:39:22+00:00,MGGA_C_MN15_L,libxc_code,MGGA_C_MN15_L,ok,,,MGGA,0.0,3,True
2026-05-28T03:39:22+00:00,MGGA_C_PKZB,libxc_code,MGGA_C_PKZB,ok,,,MGGA,0.0,3,True
2026-05-28T03:39:22+00:00,MGGA_C_R2SCAN,libxc_code,MGGA_C_R2SCAN,ok,,,MGGA,0.0,3,True
2026-05-28T03:39:22+00:00,MGGA_C_R2SCAN01,libxc_code,MGGA_C_R2SCAN01,ok,,,MGGA,0.0,3,True
2026-05-28T03:39:22+00:00,MGGA_C_R2SCANL,libxc_code,MGGA_C_R2SCANL,ok,,,MGGA,0.0,3,True
2026-05-28T03:39:22+00:00,MGGA_C_REVM06,libxc_code,MGGA_C_REVM06,ok,,,MGGA,0.0,3,True
2026-05-28T03:39:22+00:00,MGGA_C_REVM06L,libxc_code,MGGA_C_REVM06L,ok,,,MGGA,0.0,3,True
2026-05-28T03:39:22+00:00,MGGA_C_REVM06_L,libxc_code,MGGA_C_REVM06_L,ok,,,MGGA,0.0,3,True
2026-05-28T03:39:22+00:00,MGGA_C_REVM11,libxc_code,MGGA_C_REVM11,ok,,,MGGA,0.0,3,True
2026-05-28T03:39:22+00:00,MGGA_C_REVSCAN,libxc_code,MGGA_C_REVSCAN,ok,,,MGGA,0.0,3,True
2026-05-28T03:39:22+00:00,MGGA_C_REVSCANVV10,libxc_code,MGGA_C_REVSCANVV10,ok,,,MGGA,0.0,3,True
2026-05-28T03:39:22+00:00,MGGA_C_REVSCAN_VV10,libxc_code,MGGA_C_REVSCAN_VV10,ok,,,MGGA,0.0,3,True
2026-05-28T03:39:22+00:00,MGGA_C_REVTM,libxc_code,MGGA_C_REVTM,ok,,,MGGA,0.0,3,True
2026-05-28T03:39:22+00:00,MGGA_C_REVTPSS,libxc_code,MGGA_C_REVTPSS,ok,,,MGGA,0.0,3,True
2026-05-28T03:39:22+00:00,MGGA_C_RMGGAC,libxc_code,MGGA_C_RMGGAC,ok,,,MGGA,0.0,3,True
2026-05-28T03:39:22+00:00,MGGA_C_RPPSCAN,libxc_code,MGGA_C_RPPSCAN,ok,,,MGGA,0.0,3,True
2026-05-28T03:39:22+00:00,MGGA_C_RREGTM,libxc_code,MGGA_C_RREGTM,ok,,,MGGA,0.0,3,True
2026-05-28T03:39:22+00:00,MGGA_C_RSCAN,libxc_code,MGGA_C_RSCAN,ok,,,MGGA,0.0,3,True
2026-05-28T03:39:22+00:00,MGGA_C_SCAN,libxc_code,MGGA_C_SCAN,ok,,,MGGA,0.0,3,True
2026-05-28T03:39:22+00:00,MGGA_C_SCANL,libxc_code,MGGA_C_SCANL,ok,,,MGGA,0.0,3,True
2026-05-28T03:39:22+00:00,MGGA_C_SCANLRVV10,libxc_code,MGGA_C_SCANLRVV10,ok,,,MGGA,0.0,3,True
2026-05-28T03:39:22+00:00,MGGA_C_SCANLVV10,libxc_code,MGGA_C_SCANLVV10,ok,,,MGGA,0.0,3,True
2026-05-28T03:39:22+00:00,MGGA_C_SCANL_RVV10,libxc_code,MGGA_C_SCANL_RVV10,ok,,,MGGA,0.0,3,True
2026-05-28T03:39:22+00:00,MGGA_C_SCANL_VV10,libxc_code,MGGA_C_SCANL_VV10,ok,,,MGGA,0.0,3,True
2026-05-28T03:39:22+00:00,MGGA_C_SCANRVV10,libxc_code,MGGA_C_SCANRVV10,ok,,,MGGA,0.0,3,True
2026-05-28T03:39:22+00:00,MGGA_C_SCANVV10,libxc_code,MGGA_C_SCANVV10,ok,,,MGGA,0.0,3,True
2026-05-28T03:39:22+00:00,MGGA_C_SCAN_RVV10,libxc_code,MGGA_C_SCAN_RVV10,ok,,,MGGA,0.0,3,True
2026-05-28T03:39:22+00:00,MGGA_C_SCAN_VV10,libxc_code,MGGA_C_SCAN_VV10,ok,,,MGGA,0.0,3,True
2026-05-28T03:39:22+00:00,MGGA_C_TM,libxc_code,MGGA_C_TM,ok,,,MGGA,0.0,3,True
2026-05-28T03:39:22+00:00,MGGA_C_TPSS,libxc_code,MGGA_C_TPSS,ok,,,MGGA,0.0,3,True
2026-05-28T03:39:22+00:00,MGGA_C_TPSSGAUSSIAN,libxc_code,MGGA_C_TPSSGAUSSIAN,ok,,,MGGA,0.0,3,True
2026-05-28T03:39:22+00:00,MGGA_C_TPSSLOC,libxc_code,MGGA_C_TPSSLOC,ok,,,MGGA,0.0,3,True
2026-05-28T03:39:22+00:00,MGGA_C_TPSS_GAUSSIAN,libxc_code,MGGA_C_TPSS_GAUSSIAN,ok,,,MGGA,0.0,3,True
2026-05-28T03:39:22+00:00,MGGA_C_VSXC,libxc_code,MGGA_C_VSXC,ok,,,MGGA,0.0,3,True
2026-05-28T03:39:22+00:00,MGGA_K_CSK1,libxc_code,MGGA_K_CSK1,ok,,,MGGA,0.0,3,True
2026-05-28T03:39:22+00:00,MGGA_K_CSK4,libxc_code,MGGA_K_CSK4,ok,,,MGGA,0.0,3,True
2026-05-28T03:39:22+00:00,MGGA_K_CSKLOC1,libxc_code,MGGA_K_CSKLOC1,ok,,,MGGA,0.0,3,True
2026-05-28T03:39:22+00:00,MGGA_K_CSKLOC4,libxc_code,MGGA_K_CSKLOC4,ok,,,MGGA,0.0,3,True
2026-05-28T03:39:22+00:00,MGGA_K_CSK_LOC1,libxc_code,MGGA_K_CSK_LOC1,ok,,,MGGA,0.0,3,True
2026-05-28T03:39:22+00:00,MGGA_K_CSK_LOC4,libxc_code,MGGA_K_CSK_LOC4,ok,,,MGGA,0.0,3,True
2026-05-28T03:39:22+00:00,MGGA_K_GEA2,libxc_code,MGGA_K_GEA2,ok,,,MGGA,0.0,3,True
2026-05-28T03:39:22+00:00,MGGA_K_GEA4,libxc_code,MGGA_K_GEA4,ok,,,MGGA,0.0,3,True
2026-05-28T03:39:22+00:00,MGGA_K_L04,libxc_code,MGGA_K_L04,ok,,,MGGA,0.0,3,True
2026-05-28T03:39:22+00:00,MGGA_K_L06,libxc_code,MGGA_K_L06,ok,,,MGGA,0.0,3,True
2026-05-28T03:39:22+00:00,MGGA_K_PC07,libxc_code,MGGA_K_PC07,ok,,,MGGA,0.0,3,True
2026-05-28T03:39:22+00:00,MGGA_K_PC07OPT,libxc_code,MGGA_K_PC07OPT,ok,,,MGGA,0.0,3,True
2026-05-28T03:39:22+00:00,MGGA_K_PC07_OPT,libxc_code,MGGA_K_PC07_OPT,ok,,,MGGA,0.0,3,True
2026-05-28T03:39:22+00:00,MGGA_K_PGSL025,libxc_code,MGGA_K_PGSL025,ok,,,MGGA,0.0,3,True
2026-05-28T03:39:22+00:00,MGGA_K_RDA,libxc_code,MGGA_K_RDA,ok,,,MGGA,0.0,3,True
2026-05-28T03:39:22+00:00,MGGA_XC_B97MV,libxc_code,MGGA_XC_B97MV,ok,,,MGGA,0.0,3,True
2026-05-28T03:39:22+00:00,MGGA_XC_B97M_V,libxc_code,MGGA_XC_B97M_V,ok,,,MGGA,0.0,3,True
2026-05-28T03:39:22+00:00,MGGA_XC_CC06,libxc_code,MGGA_XC_CC06,ok,,,MGGA,0.0,3,True
2026-05-28T03:39:22+00:00,MGGA_XC_HLE17,libxc_code,MGGA_XC_HLE17,ok,,,MGGA,0.0,3,True
2026-05-28T03:39:22+00:00,MGGA_XC_LP90,libxc_code,MGGA_XC_LP90,ok,,,MGGA,0.0,3,True
2026-05-28T03:39:22+00:00,MGGA_XC_OTPSSD,libxc_code,MGGA_XC_OTPSSD,ok,,,MGGA,0.0,3,True
2026-05-28T03:39:22+00:00,MGGA_XC_OTPSS_D,libxc_code,MGGA_XC_OTPSS_D,ok,,,MGGA,0.0,3,True
2026-05-28T03:39:22+00:00,MGGA_XC_TPSSLYP1W,libxc_code,MGGA_XC_TPSSLYP1W,ok,,,MGGA,0.0,3,True
2026-05-28T03:39:22+00:00,MGGA_XC_VCMLRVV10,libxc_code,MGGA_XC_VCMLRVV10,ok,,,MGGA,0.0,3,True
2026-05-28T03:39:22+00:00,MGGA_XC_VCML_RVV10,libxc_code,MGGA_XC_VCML_RVV10,ok,,,MGGA,0.0,3,True
2026-05-28T03:39:22+00:00,MGGA_XC_ZLP,libxc_code,MGGA_XC_ZLP,ok,,,MGGA,0.0,3,True
2026-05-28T03:39:22+00:00,MGGA_X_2DJS17,libxc_code,MGGA_X_2DJS17,ok,,,MGGA,0.0,3,True
2026-05-28T03:39:22+00:00,MGGA_X_2DPRHG07,libxc_code,MGGA_X_2DPRHG07,ok,,,MGGA,0.0,3,True
2026-05-28T03:39:22+00:00,MGGA_X_2DPRHG07PRP10,libxc_code,MGGA_X_2DPRHG07PRP10,ok,,,MGGA,0.0,3,True
2026-05-28T03:39:22+00:00,MGGA_X_2D_JS17,libxc_code,MGGA_X_2D_JS17,ok,,,MGGA,0.0,3,True
2026-05-28T03:39:22+00:00,MGGA_X_2D_PRHG07,libxc_code,MGGA_X_2D_PRHG07,ok,,,MGGA,0.0,3,True
2026-05-28T03:39:22+00:00,MGGA_X_2D_PRHG07_PRP10,libxc_code,MGGA_X_2D_PRHG07_PRP10,ok,,,MGGA,0.0,3,True
2026-05-28T03:39:22+00:00,MGGA_X_B00,libxc_code,MGGA_X_B00,ok,,,MGGA,0.0,3,True
2026-05-28T03:39:22+00:00,MGGA_X_BJ06,libxc_code,MGGA_X_BJ06,ok,,,MGGA,0.0,3,True
2026-05-28T03:39:22+00:00,MGGA_X_BLOC,libxc_code,MGGA_X_BLOC,ok,,,MGGA,0.0,3,True
2026-05-28T03:39:22+00:00,MGGA_X_BR89,libxc_code,MGGA_X_BR89,ok,,,MGGA,0.0,3,True
2026-05-28T03:39:22+00:00,MGGA_X_BR891,libxc_code,MGGA_X_BR891,ok,,,MGGA,0.0,3,True
2026-05-28T03:39:22+00:00,MGGA_X_BR89EXPLICIT,libxc_code,MGGA_X_BR89EXPLICIT,ok,,,MGGA,0.0,3,True
2026-05-28T03:39:22+00:00,MGGA_X_BR89EXPLICIT1,libxc_code,MGGA_X_BR89EXPLICIT1,ok,,,MGGA,0.0,3,True
2026-05-28T03:39:22+00:00,MGGA_X_BR89_1,libxc_code,MGGA_X_BR89_1,ok,,,MGGA,0.0,3,True
2026-05-28T03:39:22+00:00,MGGA_X_BR89_EXPLICIT,libxc_code,MGGA_X_BR89_EXPLICIT,ok,,,MGGA,0.0,3,True
2026-05-28T03:39:22+00:00,MGGA_X_BR89_EXPLICIT_1,libxc_code,MGGA_X_BR89_EXPLICIT_1,ok,,,MGGA,0.0,3,True
2026-05-28T03:39:22+00:00,MGGA_X_EDMGGA,libxc_code,MGGA_X_EDMGGA,ok,,,MGGA,0.0,3,True
2026-05-28T03:39:22+00:00,MGGA_X_EEL,libxc_code,MGGA_X_EEL,ok,,,MGGA,0.0,3,True
2026-05-28T03:39:22+00:00,MGGA_X_FT98,libxc_code,MGGA_X_FT98,ok,,,MGGA,0.0,3,True
2026-05-28T03:39:22+00:00,MGGA_X_GDME0,libxc_code,MGGA_X_GDME0,ok,,,MGGA,0.0,3,True
2026-05-28T03:39:22+00:00,MGGA_X_GDMEKOS,libxc_code,MGGA_X_GDMEKOS,ok,,,MGGA,0.0,3,True
2026-05-28T03:39:22+00:00,MGGA_X_GDMENV,libxc_code,MGGA_X_GDMENV,ok,,,MGGA,0.0,3,True
2026-05-28T03:39:22+00:00,MGGA_X_GDMEVT,libxc_code,MGGA_X_GDMEVT,ok,,,MGGA,0.0,3,True
2026-05-28T03:39:22+00:00,MGGA_X_GDME_0,libxc_code,MGGA_X_GDME_0,ok,,,MGGA,0.0,3,True
2026-05-28T03:39:22+00:00,MGGA_X_GDME_KOS,libxc_code,MGGA_X_GDME_KOS,ok,,,MGGA,0.0,3,True
2026-05-28T03:39:22+00:00,MGGA_X_GDME_NV,libxc_code,MGGA_X_GDME_NV,ok,,,MGGA,0.0,3,True
2026-05-28T03:39:22+00:00,MGGA_X_GDME_VT,libxc_code,MGGA_X_GDME_VT,ok,,,MGGA,0.0,3,True
2026-05-28T03:39:22+00:00,MGGA_X_GVT4,libxc_code,MGGA_X_GVT4,ok,,,MGGA,0.0,3,True
2026-05-28T03:39:22+00:00,MGGA_X_GX,libxc_code,MGGA_X_GX,ok,,,MGGA,0.0,3,True
2026-05-28T03:39:22+00:00,MGGA_X_HLTA,libxc_code,MGGA_X_HLTA,ok,,,MGGA,0.0,3,True
2026-05-28T03:39:22+00:00,MGGA_X_JK,libxc_code,MGGA_X_JK,ok,,,MGGA,0.0,3,True
2026-05-28T03:39:22+00:00,MGGA_X_KTBM0,libxc_code,MGGA_X_KTBM0,ok,,,MGGA,0.0,3,True
2026-05-28T03:39:22+00:00,MGGA_X_KTBM1,libxc_code,MGGA_X_KTBM1,ok,,,MGGA,0.0,3,True
2026-05-28T03:39:22+00:00,MGGA_X_KTBM10,libxc_code,MGGA_X_KTBM10,ok,,,MGGA,0.0,3,True
2026-05-28T03:39:22+00:00,MGGA_X_KTBM11,libxc_code,MGGA_X_KTBM11,ok,,,MGGA,0.0,3,True
2026-05-28T03:39:22+00:00,MGGA_X_KTBM12,libxc_code,MGGA_X_KTBM12,ok,,,MGGA,0.0,3,True
2026-05-28T03:39:22+00:00,MGGA_X_KTBM13,libxc_code,MGGA_X_KTBM13,ok,,,MGGA,0.0,3,True
2026-05-28T03:39:22+00:00,MGGA_X_KTBM14,libxc_code,MGGA_X_KTBM14,ok,,,MGGA,0.0,3,True
2026-05-28T03:39:22+00:00,MGGA_X_KTBM15,libxc_code,MGGA_X_KTBM15,ok,,,MGGA,0.0,3,True
2026-05-28T03:39:22+00:00,MGGA_X_KTBM16,libxc_code,MGGA_X_KTBM16,ok,,,MGGA,0.0,3,True
2026-05-28T03:39:22+00:00,MGGA_X_KTBM17,libxc_code,MGGA_X_KTBM17,ok,,,MGGA,0.0,3,True
2026-05-28T03:39:22+00:00,MGGA_X_KTBM18,libxc_code,MGGA_X_KTBM18,ok,,,MGGA,0.0,3,True
2026-05-28T03:39:22+00:00,MGGA_X_KTBM19,libxc_code,MGGA_X_KTBM19,ok,,,MGGA,0.0,3,True
2026-05-28T03:39:22+00:00,MGGA_X_KTBM2,libxc_code,MGGA_X_KTBM2,ok,,,MGGA,0.0,3,True
2026-05-28T03:39:22+00:00,MGGA_X_KTBM20,libxc_code,MGGA_X_KTBM20,ok,,,MGGA,0.0,3,True
2026-05-28T03:39:22+00:00,MGGA_X_KTBM21,libxc_code,MGGA_X_KTBM21,ok,,,MGGA,0.0,3,True
2026-05-28T03:39:22+00:00,MGGA_X_KTBM22,libxc_code,MGGA_X_KTBM22,ok,,,MGGA,0.0,3,True
2026-05-28T03:39:22+00:00,MGGA_X_KTBM23,libxc_code,MGGA_X_KTBM23,ok,,,MGGA,0.0,3,True
2026-05-28T03:39:22+00:00,MGGA_X_KTBM24,libxc_code,MGGA_X_KTBM24,ok,,,MGGA,0.0,3,True
2026-05-28T03:39:22+00:00,MGGA_X_KTBM3,libxc_code,MGGA_X_KTBM3,ok,,,MGGA,0.0,3,True
2026-05-28T03:39:22+00:00,MGGA_X_KTBM4,libxc_code,MGGA_X_KTBM4,ok,,,MGGA,0.0,3,True
2026-05-28T03:39:22+00:00,MGGA_X_KTBM5,libxc_code,MGGA_X_KTBM5,ok,,,MGGA,0.0,3,True
2026-05-28T03:39:22+00:00,MGGA_X_KTBM6,libxc_code,MGGA_X_KTBM6,ok,,,MGGA,0.0,3,True
2026-05-28T03:39:22+00:00,MGGA_X_KTBM7,libxc_code,MGGA_X_KTBM7,ok,,,MGGA,0.0,3,True
2026-05-28T03:39:22+00:00,MGGA_X_KTBM8,libxc_code,MGGA_X_KTBM8,ok,,,MGGA,0.0,3,True
2026-05-28T03:39:22+00:00,MGGA_X_KTBM9,libxc_code,MGGA_X_KTBM9,ok,,,MGGA,0.0,3,True
2026-05-28T03:39:22+00:00,MGGA_X_KTBMGAP,libxc_code,MGGA_X_KTBMGAP,ok,,,MGGA,0.0,3,True
2026-05-28T03:39:22+00:00,MGGA_X_KTBM_0,libxc_code,MGGA_X_KTBM_0,ok,,,MGGA,0.0,3,True
2026-05-28T03:39:22+00:00,MGGA_X_KTBM_1,libxc_code,MGGA_X_KTBM_1,ok,,,MGGA,0.0,3,True
2026-05-28T03:39:22+00:00,MGGA_X_KTBM_10,libxc_code,MGGA_X_KTBM_10,ok,,,MGGA,0.0,3,True
2026-05-28T03:39:22+00:00,MGGA_X_KTBM_11,libxc_code,MGGA_X_KTBM_11,ok,,,MGGA,0.0,3,True
2026-05-28T03:39:22+00:00,MGGA_X_KTBM_12,libxc_code,MGGA_X_KTBM_12,ok,,,MGGA,0.0,3,True
2026-05-28T03:39:22+00:00,MGGA_X_KTBM_13,libxc_code,MGGA_X_KTBM_13,ok,,,MGGA,0.0,3,True
2026-05-28T03:39:22+00:00,MGGA_X_KTBM_14,libxc_code,MGGA_X_KTBM_14,ok,,,MGGA,0.0,3,True
2026-05-28T03:39:22+00:00,MGGA_X_KTBM_15,libxc_code,MGGA_X_KTBM_15,ok,,,MGGA,0.0,3,True
2026-05-28T03:39:22+00:00,MGGA_X_KTBM_16,libxc_code,MGGA_X_KTBM_16,ok,,,MGGA,0.0,3,True
2026-05-28T03:39:22+00:00,MGGA_X_KTBM_17,libxc_code,MGGA_X_KTBM_17,ok,,,MGGA,0.0,3,True
2026-05-28T03:39:22+00:00,MGGA_X_KTBM_18,libxc_code,MGGA_X_KTBM_18,ok,,,MGGA,0.0,3,True
2026-05-28T03:39:22+00:00,MGGA_X_KTBM_19,libxc_code,MGGA_X_KTBM_19,ok,,,MGGA,0.0,3,True
2026-05-28T03:39:22+00:00,MGGA_X_KTBM_2,libxc_code,MGGA_X_KTBM_2,ok,,,MGGA,0.0,3,True
2026-05-28T03:39:22+00:00,MGGA_X_KTBM_20,libxc_code,MGGA_X_KTBM_20,ok,,,MGGA,0.0,3,True
2026-05-28T03:39:22+00:00,MGGA_X_KTBM_21,libxc_code,MGGA_X_KTBM_21,ok,,,MGGA,0.0,3,True
2026-05-28T03:39:22+00:00,MGGA_X_KTBM_22,libxc_code,MGGA_X_KTBM_22,ok,,,MGGA,0.0,3,True
2026-05-28T03:39:22+00:00,MGGA_X_KTBM_23,libxc_code,MGGA_X_KTBM_23,ok,,,MGGA,0.0,3,True
2026-05-28T03:39:22+00:00,MGGA_X_KTBM_24,libxc_code,MGGA_X_KTBM_24,ok,,,MGGA,0.0,3,True
2026-05-28T03:39:22+00:00,MGGA_X_KTBM_3,libxc_code,MGGA_X_KTBM_3,ok,,,MGGA,0.0,3,True
2026-05-28T03:39:22+00:00,MGGA_X_KTBM_4,libxc_code,MGGA_X_KTBM_4,ok,,,MGGA,0.0,3,True
2026-05-28T03:39:22+00:00,MGGA_X_KTBM_5,libxc_code,MGGA_X_KTBM_5,ok,,,MGGA,0.0,3,True
2026-05-28T03:39:22+00:00,MGGA_X_KTBM_6,libxc_code,MGGA_X_KTBM_6,ok,,,MGGA,0.0,3,True
2026-05-28T03:39:22+00:00,MGGA_X_KTBM_7,libxc_code,MGGA_X_KTBM_7,ok,,,MGGA,0.0,3,True
2026-05-28T03:39:22+00:00,MGGA_X_KTBM_8,libxc_code,MGGA_X_KTBM_8,ok,,,MGGA,0.0,3,True
2026-05-28T03:39:22+00:00,MGGA_X_KTBM_9,libxc_code,MGGA_X_KTBM_9,ok,,,MGGA,0.0,3,True
2026-05-28T03:39:22+00:00,MGGA_X_KTBM_GAP,libxc_code,MGGA_X_KTBM_GAP,ok,,,MGGA,0.0,3,True
2026-05-28T03:39:22+00:00,MGGA_X_LAK,libxc_code,MGGA_X_LAK,ok,,,MGGA,0.0,3,True
2026-05-28T03:39:22+00:00,MGGA_X_LTA,libxc_code,MGGA_X_LTA,ok,,,MGGA,0.0,3,True
2026-05-28T03:39:22+00:00,MGGA_X_M06L,libxc_code,MGGA_X_M06L,ok,,,MGGA,0.0,3,True
2026-05-28T03:39:22+00:00,MGGA_X_M06_L,libxc_code,MGGA_X_M06_L,ok,,,MGGA,0.0,3,True
2026-05-28T03:39:22+00:00,MGGA_X_M11L,libxc_code,MGGA_X_M11L,ok,,,MGGA,0.0,3,True
2026-05-28T03:39:22+00:00,MGGA_X_M11_L,libxc_code,MGGA_X_M11_L,ok,,,MGGA,0.0,3,True
2026-05-28T03:39:22+00:00,MGGA_X_MBEEF,libxc_code,MGGA_X_MBEEF,ok,,,MGGA,0.0,3,True
2026-05-28T03:39:22+00:00,MGGA_X_MBEEFVDW,libxc_code,MGGA_X_MBEEFVDW,ok,,,MGGA,0.0,3,True
2026-05-28T03:39:22+00:00,MGGA_X_MBR,libxc_code,MGGA_X_MBR,ok,,,MGGA,0.0,3,True
2026-05-28T03:39:22+00:00,MGGA_X_MBRXCBG,libxc_code,MGGA_X_MBRXCBG,ok,,,MGGA,0.0,3,True
2026-05-28T03:39:22+00:00,MGGA_X_MBRXC_BG,libxc_code,MGGA_X_MBRXC_BG,ok,,,MGGA,0.0,3,True
2026-05-28T03:39:22+00:00,MGGA_X_MBRXHBG,libxc_code,MGGA_X_MBRXHBG,ok,,,MGGA,0.0,3,True
2026-05-28T03:39:22+00:00,MGGA_X_MBRXH_BG,libxc_code,MGGA_X_MBRXH_BG,ok,,,MGGA,0.0,3,True
2026-05-28T03:39:22+00:00,MGGA_X_MCML,libxc_code,MGGA_X_MCML,ok,,,MGGA,0.0,3,True
2026-05-28T03:39:22+00:00,MGGA_X_MGGAC,libxc_code,MGGA_X_MGGAC,ok,,,MGGA,0.0,3,True
2026-05-28T03:39:22+00:00,MGGA_X_MK00,libxc_code,MGGA_X_MK00,ok,,,MGGA,0.0,3,True
2026-05-28T03:39:22+00:00,MGGA_X_MK00B,libxc_code,MGGA_X_MK00B,ok,,,MGGA,0.0,3,True
2026-05-28T03:39:22+00:00,MGGA_X_MN12L,libxc_code,MGGA_X_MN12L,ok,,,MGGA,0.0,3,True
2026-05-28T03:39:22+00:00,MGGA_X_MN12_L,libxc_code,MGGA_X_MN12_L,ok,,,MGGA,0.0,3,True
2026-05-28T03:39:22+00:00,MGGA_X_MN15L,libxc_code,MGGA_X_MN15L,ok,,,MGGA,0.0,3,True
2026-05-28T03:39:22+00:00,MGGA_X_MN15_L,libxc_code,MGGA_X_MN15_L,ok,,,MGGA,0.0,3,True
2026-05-28T03:39:22+00:00,MGGA_X_MODTPSS,libxc_code,MGGA_X_MODTPSS,ok,,,MGGA,0.0,3,True
2026-05-28T03:39:22+00:00,MGGA_X_MS0,libxc_code,MGGA_X_MS0,ok,,,MGGA,0.0,3,True
2026-05-28T03:39:22+00:00,MGGA_X_MS1,libxc_code,MGGA_X_MS1,ok,,,MGGA,0.0,3,True
2026-05-28T03:39:22+00:00,MGGA_X_MS2,libxc_code,MGGA_X_MS2,ok,,,MGGA,0.0,3,True
2026-05-28T03:39:22+00:00,MGGA_X_MS2B,libxc_code,MGGA_X_MS2B,ok,,,MGGA,0.0,3,True
2026-05-28T03:39:22+00:00,MGGA_X_MS2BS,libxc_code,MGGA_X_MS2BS,ok,,,MGGA,0.0,3,True
2026-05-28T03:39:22+00:00,MGGA_X_MS2REV,libxc_code,MGGA_X_MS2REV,ok,,,MGGA,0.0,3,True
2026-05-28T03:39:22+00:00,MGGA_X_MS2_REV,libxc_code,MGGA_X_MS2_REV,ok,,,MGGA,0.0,3,True
2026-05-28T03:39:22+00:00,MGGA_X_MSB86BL,libxc_code,MGGA_X_MSB86BL,ok,,,MGGA,0.0,3,True
2026-05-28T03:39:22+00:00,MGGA_X_MSPBEL,libxc_code,MGGA_X_MSPBEL,ok,,,MGGA,0.0,3,True
2026-05-28T03:39:22+00:00,MGGA_X_MSRPBEL,libxc_code,MGGA_X_MSRPBEL,ok,,,MGGA,0.0,3,True
2026-05-28T03:39:22+00:00,MGGA_X_MTASK,libxc_code,MGGA_X_MTASK,ok,,,MGGA,0.0,3,True
2026-05-28T03:39:22+00:00,MGGA_X_MVS,libxc_code,MGGA_X_MVS,ok,,,MGGA,0.0,3,True
2026-05-28T03:39:22+00:00,MGGA_X_MVSB,libxc_code,MGGA_X_MVSB,ok,,,MGGA,0.0,3,True
2026-05-28T03:39:22+00:00,MGGA_X_MVSBS,libxc_code,MGGA_X_MVSBS,ok,,,MGGA,0.0,3,True
2026-05-28T03:39:22+00:00,MGGA_X_PBEGX,libxc_code,MGGA_X_PBEGX,ok,,,MGGA,0.0,3,True
2026-05-28T03:39:22+00:00,MGGA_X_PBE_GX,libxc_code,MGGA_X_PBE_GX,ok,,,MGGA,0.0,3,True
2026-05-28T03:39:22+00:00,MGGA_X_PKZB,libxc_code,MGGA_X_PKZB,ok,,,MGGA,0.0,3,True
2026-05-28T03:39:22+00:00,MGGA_X_R2SCAN,libxc_code,MGGA_X_R2SCAN,ok,,,MGGA,0.0,3,True
2026-05-28T03:39:22+00:00,MGGA_X_R2SCAN01,libxc_code,MGGA_X_R2SCAN01,ok,,,MGGA,0.0,3,True
2026-05-28T03:39:22+00:00,MGGA_X_R2SCANL,libxc_code,MGGA_X_R2SCANL,ok,,,MGGA,0.0,3,True
2026-05-28T03:39:22+00:00,MGGA_X_R4SCAN,libxc_code,MGGA_X_R4SCAN,ok,,,MGGA,0.0,3,True
2026-05-28T03:39:22+00:00,MGGA_X_REGTM,libxc_code,MGGA_X_REGTM,ok,,,MGGA,0.0,3,True
2026-05-28T03:39:22+00:00,MGGA_X_REGTPSS,libxc_code,MGGA_X_REGTPSS,ok,,,MGGA,0.0,3,True
2026-05-28T03:39:22+00:00,MGGA_X_REVM06L,libxc_code,MGGA_X_REVM06L,ok,,,MGGA,0.0,3,True
2026-05-28T03:39:22+00:00,MGGA_X_REVM06_L,libxc_code,MGGA_X_REVM06_L,ok,,,MGGA,0.0,3,True
2026-05-28T03:39:22+00:00,MGGA_X_REVSCAN,libxc_code,MGGA_X_REVSCAN,ok,,,MGGA,0.0,3,True
2026-05-28T03:39:22+00:00,MGGA_X_REVSCANL,libxc_code,MGGA_X_REVSCANL,ok,,,MGGA,0.0,3,True
2026-05-28T03:39:22+00:00,MGGA_X_REVTM,libxc_code,MGGA_X_REVTM,ok,,,MGGA,0.0,3,True
2026-05-28T03:39:22+00:00,MGGA_X_REVTPSS,libxc_code,MGGA_X_REVTPSS,ok,,,MGGA,0.0,3,True
2026-05-28T03:39:22+00:00,MGGA_X_RLDA,libxc_code,MGGA_X_RLDA,ok,,,MGGA,0.0,3,True
2026-05-28T03:39:22+00:00,MGGA_X_RMSB86BL,libxc_code,MGGA_X_RMSB86BL,ok,,,MGGA,0.0,3,True
2026-05-28T03:39:22+00:00,MGGA_X_RMSPBEL,libxc_code,MGGA_X_RMSPBEL,ok,,,MGGA,0.0,3,True
2026-05-28T03:39:22+00:00,MGGA_X_RMSRPBEL,libxc_code,MGGA_X_RMSRPBEL,ok,,,MGGA,0.0,3,True
2026-05-28T03:39:22+00:00,MGGA_X_RPP09,libxc_code,MGGA_X_RPP09,ok,,,MGGA,0.0,3,True
2026-05-28T03:39:22+00:00,MGGA_X_RPPSCAN,libxc_code,MGGA_X_RPPSCAN,ok,,,MGGA,0.0,3,True
2026-05-28T03:39:22+00:00,MGGA_X_RSCAN,libxc_code,MGGA_X_RSCAN,ok,,,MGGA,0.0,3,True
2026-05-28T03:39:22+00:00,MGGA_X_RTPSS,libxc_code,MGGA_X_RTPSS,ok,,,MGGA,0.0,3,True
2026-05-28T03:39:22+00:00,MGGA_X_SATPSS,libxc_code,MGGA_X_SATPSS,ok,,,MGGA,0.0,3,True
2026-05-28T03:39:22+00:00,MGGA_X_SA_TPSS,libxc_code,MGGA_X_SA_TPSS,ok,,,MGGA,0.0,3,True
2026-05-28T03:39:22+00:00,MGGA_X_SCAN,libxc_code,MGGA_X_SCAN,ok,,,MGGA,0.0,3,True
2026-05-28T03:39:22+00:00,MGGA_X_SCANL,libxc_code,MGGA_X_SCANL,ok,,,MGGA,0.0,3,True
2026-05-28T03:39:22+00:00,MGGA_X_TASK,libxc_code,MGGA_X_TASK,ok,,,MGGA,0.0,3,True
2026-05-28T03:39:22+00:00,MGGA_X_TAUHCTH,libxc_code,MGGA_X_TAUHCTH,ok,,,MGGA,0.0,3,True
2026-05-28T03:39:22+00:00,MGGA_X_TAU_HCTH,libxc_code,MGGA_X_TAU_HCTH,ok,,,MGGA,0.0,3,True
2026-05-28T03:39:22+00:00,MGGA_X_TB09,libxc_code,MGGA_X_TB09,ok,,,MGGA,0.0,3,True
2026-05-28T03:39:22+00:00,MGGA_X_TH,libxc_code,MGGA_X_TH,ok,,,MGGA,0.0,3,True
2026-05-28T03:39:22+00:00,MGGA_X_TLDA,libxc_code,MGGA_X_TLDA,ok,,,MGGA,0.0,3,True
2026-05-28T03:39:22+00:00,MGGA_X_TM,libxc_code,MGGA_X_TM,ok,,,MGGA,0.0,3,True
2026-05-28T03:39:22+00:00,MGGA_X_TPSS,libxc_code,MGGA_X_TPSS,ok,,,MGGA,0.0,3,True
2026-05-28T03:39:22+00:00,MGGA_X_VCML,libxc_code,MGGA_X_VCML,ok,,,MGGA,0.0,3,True
2026-05-28T03:39:22+00:00,MGGA_X_VT84,libxc_code,MGGA_X_VT84,ok,,,MGGA,0.0,3,True
2026-05-28T03:39:22+00:00,MPW1LYP,libxc_code,MPW1LYP,ok,,,GGA,0.25,3,True
2026-05-28T03:39:22+00:00,MPW1PBE,libxc_code,MPW1PBE,ok,,,GGA,0.25,3,True
2026-05-28T03:39:22+00:00,MPW3LYP,libxc_code,MPW3LYP,ok,,,GGA,0.218,3,True
2026-05-28T03:39:22+00:00,MPW3LYP5,libxc_code,MPW3LYP5,ok,,,GGA,0.218,3,True
2026-05-28T03:39:22+00:00,MPW3LYPG,libxc_code,MPW3LYPG,ok,,,GGA,0.218,3,True
2026-05-28T03:39:22+00:00,MPW3PW,libxc_code,MPW3PW,ok,,,GGA,0.2,3,True
2026-05-28T03:39:22+00:00,MPW3PW5,libxc_code,MPW3PW5,ok,,,GGA,0.2,3,True
2026-05-28T03:39:22+00:00,MPW3PWG,libxc_code,MPW3PWG,ok,,,GGA,0.2,3,True
2026-05-28T03:39:22+00:00,O3LYP,libxc_code,O3LYP,ok,,,GGA,0.1161,3,True
2026-05-28T03:39:22+00:00,OPTXCORR,libxc_code,OPTXCORR,ok,,,GGA,0.0,3,True
2026-05-28T03:39:22+00:00,PBE0,libxc_code,PBE0,ok,,,GGA,0.25,3,True
2026-05-28T03:39:22+00:00,PBE1PBE,libxc_code,PBE1PBE,ok,,,GGA,0.25,3,True
2026-05-28T03:39:22+00:00,PBE50,libxc_code,PBE50,ok,,,GGA,0.5,3,True
2026-05-28T03:39:22+00:00,REVB3LYP,libxc_code,REVB3LYP,ok,,,GGA,0.2,3,True
2026-05-28T03:39:22+00:00,REVB3LYP5,libxc_code,REVB3LYP5,ok,,,GGA,0.2,3,True
2026-05-28T03:39:22+00:00,REVB3LYPG,libxc_code,REVB3LYPG,ok,,,GGA,0.2,3,True
2026-05-28T03:39:22+00:00,REVPBE0,libxc_code,REVPBE0,ok,,,GGA,0.25,3,True
2026-05-28T03:39:22+00:00,SLATER,libxc_code,SLATER,ok,,,LDA,0.0,3,True
2026-05-28T03:39:22+00:00,TPSS0,libxc_code,TPSS0,ok,,,MGGA,0.25,3,True
2026-05-28T03:39:22+00:00,VWN3,libxc_code,VWN3,ok,,,LDA,0.0,3,True
2026-05-28T03:39:22+00:00,VWN5,libxc_code,VWN5,ok,,,LDA,0.0,3,True
2026-05-28T03:39:22+00:00,VWNRPA,libxc_code,VWNRPA,ok,,,LDA,0.0,3,True
2026-05-28T03:39:22+00:00,X3LYP,libxc_code,X3LYP,ok,,,GGA,0.218,3,True
2026-05-28T03:39:22+00:00,X3LYP5,libxc_code,X3LYP5,ok,,,GGA,0.218,3,True
2026-05-28T03:39:22+00:00,X3LYPG,libxc_code,X3LYPG,ok,,,GGA,0.218,3,True
2026-05-28T03:39:22+00:00,BLOC,pyscf_alias,"BLOC,TPSSLOC",ok,,,MGGA,0.0,3,True
2026-05-28T03:39:22+00:00,BLYP,pyscf_alias,"B88,LYP",ok,,,GGA,0.0,3,True
2026-05-28T03:39:22+00:00,BOP,pyscf_alias,"B88,OP_B88",ok,,,GGA,0.0,3,True
2026-05-28T03:39:22+00:00,BP86,pyscf_alias,"B88,P86",ok,,,GGA,0.0,3,True
2026-05-28T03:39:22+00:00,BPBE,pyscf_alias,"B88,PBE",ok,,,GGA,0.0,3,True
2026-05-28T03:39:22+00:00,DLDF,pyscf_alias,"DLDF,DLDF",ok,,,MGGA,0.6144129,3,True
2026-05-28T03:39:22+00:00,GAM,pyscf_alias,"GAM,GAM",ok,,,GGA,0.0,3,True
2026-05-28T03:39:22+00:00,HFLYP,pyscf_alias,"HF,LYP",ok,,,GGA,1.0,3,True
2026-05-28T03:39:22+00:00,HFPW92,pyscf_alias,"HF,PW_MOD",ok,,,LDA,1.0,3,True
2026-05-28T03:39:22+00:00,KT1,pyscf_alias,"KT1,VWN",ok,,,GGA,0.0,3,True
2026-05-28T03:39:22+00:00,KT2,pyscf_alias,GGA_XC_KT2,ok,,,GGA,0.0,3,True
2026-05-28T03:39:22+00:00,KT3,pyscf_alias,GGA_XC_KT3,ok,,,GGA,0.0,3,True
2026-05-28T03:39:22+00:00,M05,pyscf_alias,"HYB_MGGA_X_M05,MGGA_C_M05",ok,,,MGGA,0.28,3,True
2026-05-28T03:39:22+00:00,M052X,pyscf_alias,M05_2X,ok,,,MGGA,0.56,3,True
2026-05-28T03:39:22+00:00,M05_2X,pyscf_alias,"HYB_MGGA_X_M05_2X,MGGA_C_M05_2X",ok,,,MGGA,0.56,3,True
2026-05-28T03:39:22+00:00,M06,pyscf_alias,"HYB_MGGA_X_M06,MGGA_C_M06",ok,,,MGGA,0.27,3,True
2026-05-28T03:39:22+00:00,M062X,pyscf_alias,M06_2X,ok,,,MGGA,0.54,3,True
2026-05-28T03:39:22+00:00,M06HF,pyscf_alias,M06_HF,ok,,,MGGA,1.0,3,True
2026-05-28T03:39:22+00:00,M06L,pyscf_alias,M06_L,ok,,,MGGA,0.0,3,True
2026-05-28T03:39:22+00:00,M06_2X,pyscf_alias,"HYB_MGGA_X_M06_2X,MGGA_C_M06_2X",ok,,,MGGA,0.54,3,True
2026-05-28T03:39:22+00:00,M06_HF,pyscf_alias,"HYB_MGGA_X_M06_HF,MGGA_C_M06_HF",ok,,,MGGA,1.0,3,True
2026-05-28T03:39:22+00:00,M06_L,pyscf_alias,"M06_L,M06_L",ok,,,MGGA,0.0,3,True
2026-05-28T03:39:22+00:00,M06_SX,pyscf_alias,"M06_SX,M06_SX",ok,,,MGGA,0.0,3,True
2026-05-28T03:39:22+00:00,M11L,pyscf_alias,M11_L,ok,,,MGGA,0.0,3,True
2026-05-28T03:39:22+00:00,M11_L,pyscf_alias,"M11_L,M11_L",ok,,,MGGA,0.0,3,True
2026-05-28T03:39:22+00:00,MBEEF,pyscf_alias,"MBEEF,PBE_SOL",ok,,,MGGA,0.0,3,True
2026-05-28T03:39:22+00:00,MN12L,pyscf_alias,MN12_L,ok,,,MGGA,0.0,3,True
2026-05-28T03:39:22+00:00,MN12SX,pyscf_alias,MN12_SX,ok,,,MGGA,0.0,3,True
2026-05-28T03:39:22+00:00,MN12_L,pyscf_alias,"MN12_L,MN12_L",ok,,,MGGA,0.0,3,True
2026-05-28T03:39:22+00:00,MN12_SX,pyscf_alias,"MN12_SX,MN12_SX",ok,,,MGGA,0.0,3,True
2026-05-28T03:39:22+00:00,MN15,pyscf_alias,"MN15,MN15",ok,,,MGGA,0.44,3,True
2026-05-28T03:39:22+00:00,MN15L,pyscf_alias,MN15_L,ok,,,MGGA,0.0,3,True
2026-05-28T03:39:22+00:00,MN15_L,pyscf_alias,"MN15_L,MN15_L",ok,,,MGGA,0.0,3,True
2026-05-28T03:39:22+00:00,MPW91,pyscf_alias,"MPW91,PW91",ok,,,GGA,0.0,3,True
2026-05-28T03:39:22+00:00,MS0,pyscf_alias,"MS0,REGTPSS",ok,,,MGGA,0.0,3,True
2026-05-28T03:39:22+00:00,MS1,pyscf_alias,"MS1,REGTPSS",ok,,,MGGA,0.0,3,True
2026-05-28T03:39:22+00:00,MS2,pyscf_alias,"MS2,REGTPSS",ok,,,MGGA,0.0,3,True
2026-05-28T03:39:22+00:00,MS2H,pyscf_alias,"MS2H,REGTPSS",ok,,,MGGA,0.09,3,True
2026-05-28T03:39:22+00:00,MVS,pyscf_alias,"MVS,REGTPSS",ok,,,MGGA,0.0,3,True
2026-05-28T03:39:22+00:00,MVSH,pyscf_alias,"MVSH,REGTPSS",ok,,,MGGA,0.25,3,True
2026-05-28T03:39:22+00:00,N12,pyscf_alias,"N12,N12",ok,,,GGA,0.0,3,True
2026-05-28T03:39:22+00:00,N12SX,pyscf_alias,N12_SX,ok,,,GGA,0.0,3,True
2026-05-28T03:39:22+00:00,N12_SX,pyscf_alias,"N12_SX,N12_SX",ok,,,GGA,0.0,3,True
2026-05-28T03:39:22+00:00,OLYP,pyscf_alias,"OPTX,LYP",ok,,,GGA,0.0,3,True
2026-05-28T03:39:22+00:00,OPBE,pyscf_alias,"OPTX,PBE",ok,,,GGA,0.0,3,True
2026-05-28T03:39:22+00:00,PBE,pyscf_alias,"PBE,PBE",ok,,,GGA,0.0,3,True
2026-05-28T03:39:22+00:00,PBEOP,pyscf_alias,"PBE,OP_PBE",ok,,,GGA,0.0,3,True
2026-05-28T03:39:22+00:00,PBESOL,pyscf_alias,"PBE_SOL,PBE_SOL",ok,,,GGA,0.0,3,True
2026-05-28T03:39:22+00:00,PKZB,pyscf_alias,"PKZB,PKZB",ok,,,MGGA,0.0,3,True
2026-05-28T03:39:22+00:00,PW91,pyscf_alias,"PW91,PW91",ok,,,GGA,0.0,3,True
2026-05-28T03:39:22+00:00,R2SCAN,pyscf_alias,"R2SCAN,R2SCAN",ok,,,MGGA,0.0,3,True
2026-05-28T03:39:22+00:00,R2SCANL,pyscf_alias,"R2SCANL,R2SCANL",ok,,,MGGA,0.0,3,True
2026-05-28T03:39:22+00:00,REVPBE,pyscf_alias,"PBE_R,PBE",ok,,,GGA,0.0,3,True
2026-05-28T03:39:22+00:00,REVSCAN,pyscf_alias,"MGGA_X_REVSCAN,MGGA_C_REVSCAN",ok,,,MGGA,0.0,3,True
2026-05-28T03:39:22+00:00,REVSCAN_VV10,pyscf_alias,"MGGA_X_REVSCAN,MGGA_C_REVSCAN_VV10",ok,,,MGGA,0.0,3,True
2026-05-28T03:39:22+00:00,REVTPSS,pyscf_alias,"REVTPSS,REVTPSS",ok,,,MGGA,0.0,3,True
2026-05-28T03:39:22+00:00,RPBE,pyscf_alias,"RPBE,PBE",ok,,,GGA,0.0,3,True
2026-05-28T03:39:22+00:00,RSCAN,pyscf_alias,"RSCAN,RSCAN",ok,,,MGGA,0.0,3,True
2026-05-28T03:39:22+00:00,SCAN,pyscf_alias,"SCAN,SCAN",ok,,,MGGA,0.0,3,True
2026-05-28T03:39:22+00:00,SCAN0,pyscf_alias,"SCAN0,SCAN",ok,,,MGGA,0.25,3,True
2026-05-28T03:39:22+00:00,SCANL,pyscf_alias,"SCANL,SCANL",ok,,,MGGA,0.0,3,True
2026-05-28T03:39:22+00:00,SCAN_RVV10,pyscf_alias,"MGGA_X_SCAN,MGGA_C_SCAN_RVV10",ok,,,MGGA,0.0,3,True
2026-05-28T03:39:22+00:00,SCAN_VV10,pyscf_alias,"MGGA_X_SCAN,MGGA_C_SCAN_VV10",ok,,,MGGA,0.0,3,True
2026-05-28T03:39:22+00:00,SOGGA,pyscf_alias,"SOGGA,PBE",ok,,,GGA,0.0,3,True
2026-05-28T03:39:22+00:00,SOGGA11,pyscf_alias,"SOGGA11,SOGGA11",ok,,,GGA,0.0,3,True
2026-05-28T03:39:22+00:00,SOGGA11X,pyscf_alias,SOGGA11_X,ok,,,GGA,0.4015,3,True
2026-05-28T03:39:22+00:00,SOGGA11_X,pyscf_alias,"SOGGA11_X,SOGGA11_X",ok,,,GGA,0.4015,3,True
2026-05-28T03:39:22+00:00,SPW92,pyscf_alias,"SLATER,PW_MOD",ok,,,LDA,0.0,3,True
2026-05-28T03:39:22+00:00,SVWN,pyscf_alias,"SLATER,VWN",ok,,,LDA,0.0,3,True
2026-05-28T03:39:22+00:00,TPSS,pyscf_alias,"TPSS,TPSS",ok,,,MGGA,0.0,3,True
2026-05-28T03:39:22+00:00,hf,common_extra,hf,ok,,,HF,1.0,3,True
2026-05-28T03:39:22+00:00,cam-b3lyp,common_extra,cam-b3lyp,ok,,,GGA,0.65,3,True
2026-05-28T03:39:22+00:00,wb97x,common_extra,wb97x,ok,,,GGA,1.0,3,True
2026-05-28T03:39:22+00:00,wb97x-d,common_extra,wb97x-d,ok,,,GGA,1.0,3,True
2026-05-28T03:39:22+00:00,wb97x_d,common_extra,wb97x_d,ok,,,GGA,1.0,3,True
2026-05-28T03:39:22+00:00,wb97x-v,common_extra,wb97x-v,ok,,,GGA,1.0,3,True
2026-05-28T03:39:22+00:00,wb97x_v,common_extra,wb97x_v,ok,,,GGA,1.0,3,True
2026-05-28T03:39:22+00:00,wb97m-v,common_extra,wb97m-v,ok,,,MGGA,1.0,3,True
2026-05-28T03:39:22+00:00,wb97m_v,common_extra,wb97m_v,ok,,,MGGA,1.0,3,True
2026-05-28T03:39:22+00:00,b97m-v,common_extra,b97m-v,ok,,,MGGA,0.0,3,True
2026-05-28T03:39:22+00:00,b97m_v,common_extra,b97m_v,ok,,,MGGA,0.0,3,True
2026-05-28T03:39:22+00:00,b97-d,common_extra,b97-d,ok,,,GGA,0.0,3,True
2026-05-28T03:39:22+00:00,b97_d,common_extra,b97_d,ok,,,GGA,0.0,3,True
2026-05-28T03:39:22+00:00,tpssh,common_extra,tpssh,ok,,,MGGA,0.1,3,True
2026-05-28T03:39:22+00:00,bhhlyp,common_extra,bhhlyp,error,KeyError,"""LibXCFunctional: name 'BHHLYP' not found.""",,,,False
2026-05-28T03:39:22+00:00,bhandhlyp,common_extra,bhandhlyp,ok,,,GGA,0.5,3,True
2026-05-28T03:39:22+00:00,m06-l,common_extra,m06-l,ok,,,MGGA,0.0,3,True
2026-05-28T03:39:22+00:00,m06-2x,common_extra,m06-2x,ok,,,MGGA,0.54,3,True
2026-05-28T03:39:22+00:00,m06-hf,common_extra,m06-hf,ok,,,MGGA,1.0,3,True
2026-05-28T03:39:22+00:00,mn15-l,common_extra,mn15-l,ok,,,MGGA,0.0,3,True
2026-05-28T03:39:22+00:00,scan-vv10,common_extra,scan-vv10,ok,,,MGGA,0.0,3,True
2026-05-28T03:39:22+00:00,revscan-vv10,common_extra,revscan-vv10,ok,,,MGGA,0.0,3,True
2026-05-28T03:39:22+00:00,b2plyp,common_extra,b2plyp,error,KeyError,"""LibXCFunctional: name 'B2PLYP' not found.""",,,,False
2026-05-28T03:39:22+00:00,b2gpplyp,common_extra,b2gpplyp,error,KeyError,"""LibXCFunctional: name 'B2GPPLYP' not found.""",,,,False
2026-05-28T03:39:22+00:00,dsd-blyp,common_extra,dsd-blyp,error,KeyError,"""LibXCFunctional: name 'DSD' not found.""",,,,False
2026-05-28T03:39:22+00:00,dsd_blyp,common_extra,dsd_blyp,error,KeyError,"""LibXCFunctional: name 'DSD_BLYP' not found.""",,,,False
